  0
SECTION
  2
HEADER
  9
$ACADVER
  1
AC1032
  9
$ACADMAINTVER
 90
        4
  9
$DWGCODEPAGE
  3
ANSI_1252
  9
$LASTSAVEDBY
  1
shres
  9
$REQUIREDVERSIONS
160
                 0
  9
$INSBASE
 10
0.0
 20
0.0
 30
0.0
  9
$EXTMIN
 10
-23.29361950129152
 20
-7.009800938555776
 30
0.0
  9
$EXTMAX
 10
2373.35964728058
 20
1358.924381139582
 30
0.0
  9
$LIMMIN
 10
0.0
 20
0.0
  9
$LIMMAX
 10
420.0
 20
297.0
  9
$ORTHOMODE
 70
     0
  9
$REGENMODE
 70
     1
  9
$FILLMODE
 70
     1
  9
$QTEXTMODE
 70
     0
  9
$MIRRTEXT
 70
     0
  9
$LTSCALE
 40
1.0
  9
$ATTMODE
 70
     1
  9
$TEXTSIZE
 40
2.5
  9
$TRACEWID
 40
1.0
  9
$TEXTSTYLE
  7
Standard
  9
$CLAYER
  8
0
  9
$CELTYPE
  6
ByLayer
  9
$CECOLOR
 62
   256
  9
$CELTSCALE
 40
1.0
  9
$DISPSILH
 70
     0
  9
$DIMSCALE
 40
1.0
  9
$DIMASZ
 40
2.5
  9
$DIMEXO
 40
0.625
  9
$DIMDLI
 40
3.75
  9
$DIMRND
 40
0.0
  9
$DIMDLE
 40
0.0
  9
$DIMEXE
 40
1.25
  9
$DIMTP
 40
0.0
  9
$DIMTM
 40
0.0
  9
$DIMTXT
 40
2.5
  9
$DIMCEN
 40
2.5
  9
$DIMTSZ
 40
0.0
  9
$DIMTOL
 70
     0
  9
$DIMLIM
 70
     0
  9
$DIMTIH
 70
     0
  9
$DIMTOH
 70
     0
  9
$DIMSE1
 70
     0
  9
$DIMSE2
 70
     0
  9
$DIMTAD
 70
     1
  9
$DIMZIN
 70
     8
  9
$DIMBLK
  1

  9
$DIMASO
 70
     1
  9
$DIMSHO
 70
     1
  9
$DIMPOST
  1

  9
$DIMAPOST
  1

  9
$DIMALT
 70
     0
  9
$DIMALTD
 70
     3
  9
$DIMALTF
 40
0.03937007874016
  9
$DIMLFAC
 40
1.0
  9
$DIMTOFL
 70
     1
  9
$DIMTVP
 40
0.0
  9
$DIMTIX
 70
     0
  9
$DIMSOXD
 70
     0
  9
$DIMSAH
 70
     0
  9
$DIMBLK1
  1

  9
$DIMBLK2
  1

  9
$DIMSTYLE
  2
ISO-25
  9
$DIMCLRD
 70
     0
  9
$DIMCLRE
 70
     0
  9
$DIMCLRT
 70
     0
  9
$DIMTFAC
 40
1.0
  9
$DIMGAP
 40
0.625
  9
$DIMJUST
 70
     0
  9
$DIMSD1
 70
     0
  9
$DIMSD2
 70
     0
  9
$DIMTOLJ
 70
     0
  9
$DIMTZIN
 70
     8
  9
$DIMALTZ
 70
     0
  9
$DIMALTTZ
 70
     0
  9
$DIMUPT
 70
     0
  9
$DIMDEC
 70
     2
  9
$DIMTDEC
 70
     2
  9
$DIMALTU
 70
     2
  9
$DIMALTTD
 70
     3
  9
$DIMTXSTY
  7
Standard
  9
$DIMAUNIT
 70
     0
  9
$DIMADEC
 70
     0
  9
$DIMALTRND
 40
0.0
  9
$DIMAZIN
 70
     0
  9
$DIMDSEP
 70
    44
  9
$DIMATFIT
 70
     3
  9
$DIMFRAC
 70
     0
  9
$DIMLDRBLK
  1

  9
$DIMLUNIT
 70
     2
  9
$DIMLWD
 70
    -2
  9
$DIMLWE
 70
    -2
  9
$DIMTMOVE
 70
     0
  9
$DIMFXL
 40
1.0
  9
$DIMFXLON
 70
     0
  9
$DIMJOGANG
 40
0.7853981633974483
  9
$DIMTFILL
 70
     0
  9
$DIMTFILLCLR
 70
     0
  9
$DIMARCSYM
 70
     0
  9
$DIMLTYPE
  6

  9
$DIMLTEX1
  6

  9
$DIMLTEX2
  6

  9
$DIMTXTDIRECTION
 70
     0
  9
$LUNITS
 70
     2
  9
$LUPREC
 70
     4
  9
$SKETCHINC
 40
1.0
  9
$FILLETRAD
 40
0.0
  9
$AUNITS
 70
     0
  9
$AUPREC
 70
     0
  9
$MENU
  1
.
  9
$ELEVATION
 40
0.0
  9
$PELEVATION
 40
0.0
  9
$THICKNESS
 40
0.0
  9
$LIMCHECK
 70
     0
  9
$CHAMFERA
 40
0.0
  9
$CHAMFERB
 40
0.0
  9
$CHAMFERC
 40
0.0
  9
$CHAMFERD
 40
0.0
  9
$SKPOLY
 70
     0
  9
$TDCREATE
 40
2461181.531838657
  9
$TDUCREATE
 40
2461181.302671991
  9
$TDUPDATE
 40
2461181.532844236
  9
$TDUUPDATE
 40
2461181.303677570
  9
$TDINDWG
 40
0.001005995
  9
$TDUSRTIMER
 40
0.001005741
  9
$USRTIMER
 70
     1
  9
$ANGBASE
 50
0.0
  9
$ANGDIR
 70
     0
  9
$PDMODE
 70
     0
  9
$PDSIZE
 40
0.0
  9
$PLINEWID
 40
0.0
  9
$SPLFRAME
 70
     0
  9
$SPLINETYPE
 70
     6
  9
$SPLINESEGS
 70
     8
  9
$HANDSEED
  5
2F2
  9
$SURFTAB1
 70
     6
  9
$SURFTAB2
 70
     6
  9
$SURFTYPE
 70
     6
  9
$SURFU
 70
     6
  9
$SURFV
 70
     6
  9
$UCSBASE
  2

  9
$UCSNAME
  2

  9
$UCSORG
 10
0.0
 20
0.0
 30
0.0
  9
$UCSXDIR
 10
1.0
 20
0.0
 30
0.0
  9
$UCSYDIR
 10
0.0
 20
1.0
 30
0.0
  9
$UCSORTHOREF
  2

  9
$UCSORTHOVIEW
 70
     0
  9
$UCSORGTOP
 10
0.0
 20
0.0
 30
0.0
  9
$UCSORGBOTTOM
 10
0.0
 20
0.0
 30
0.0
  9
$UCSORGLEFT
 10
0.0
 20
0.0
 30
0.0
  9
$UCSORGRIGHT
 10
0.0
 20
0.0
 30
0.0
  9
$UCSORGFRONT
 10
0.0
 20
0.0
 30
0.0
  9
$UCSORGBACK
 10
0.0
 20
0.0
 30
0.0
  9
$PUCSBASE
  2

  9
$PUCSNAME
  2

  9
$PUCSORG
 10
0.0
 20
0.0
 30
0.0
  9
$PUCSXDIR
 10
1.0
 20
0.0
 30
0.0
  9
$PUCSYDIR
 10
0.0
 20
1.0
 30
0.0
  9
$PUCSORTHOREF
  2

  9
$PUCSORTHOVIEW
 70
     0
  9
$PUCSORGTOP
 10
0.0
 20
0.0
 30
0.0
  9
$PUCSORGBOTTOM
 10
0.0
 20
0.0
 30
0.0
  9
$PUCSORGLEFT
 10
0.0
 20
0.0
 30
0.0
  9
$PUCSORGRIGHT
 10
0.0
 20
0.0
 30
0.0
  9
$PUCSORGFRONT
 10
0.0
 20
0.0
 30
0.0
  9
$PUCSORGBACK
 10
0.0
 20
0.0
 30
0.0
  9
$USERI1
 70
     0
  9
$USERI2
 70
     0
  9
$USERI3
 70
     0
  9
$USERI4
 70
     0
  9
$USERI5
 70
     0
  9
$USERR1
 40
0.0
  9
$USERR2
 40
0.0
  9
$USERR3
 40
0.0
  9
$USERR4
 40
0.0
  9
$USERR5
 40
0.0
  9
$WORLDVIEW
 70
     1
  9
$SHADEDGE
 70
     3
  9
$SHADEDIF
 70
    70
  9
$TILEMODE
 70
     1
  9
$MAXACTVP
 70
    64
  9
$PINSBASE
 10
0.0
 20
0.0
 30
0.0
  9
$PLIMCHECK
 70
     0
  9
$PEXTMIN
 10
0.0
 20
0.0
 30
0.0
  9
$PEXTMAX
 10
0.0
 20
0.0
 30
0.0
  9
$PLIMMIN
 10
0.0
 20
0.0
  9
$PLIMMAX
 10
12.0
 20
9.0
  9
$UNITMODE
 70
     0
  9
$VISRETAIN
 70
     1
  9
$PLINEGEN
 70
     0
  9
$PSLTSCALE
 70
     1
  9
$TREEDEPTH
 70
  3020
  9
$CMLSTYLE
  2
Standard
  9
$CMLJUST
 70
     0
  9
$CMLSCALE
 40
20.0
  9
$PROXYGRAPHICS
 70
     1
  9
$MEASUREMENT
 70
     1
  9
$CELWEIGHT
370
    -1
  9
$ENDCAPS
280
     0
  9
$JOINSTYLE
280
     0
  9
$LWDISPLAY
290
     0
  9
$INSUNITS
 70
     4
  9
$HYPERLINKBASE
  1

  9
$STYLESHEET
  1

  9
$XEDIT
290
     1
  9
$CEPSNTYPE
380
     0
  9
$PSTYLEMODE
290
     1
  9
$FINGERPRINTGUID
  2
{A4CAB1FC-42A2-4D6F-B95F-085582C7A8C3}
  9
$VERSIONGUID
  2
{DED5EB23-AA7B-41AA-A3A6-D53140E07EBA}
  9
$EXTNAMES
290
     1
  9
$PSVPSCALE
 40
0.0
  9
$OLESTARTUP
290
     0
  9
$SORTENTS
280
   127
  9
$INDEXCTL
280
     0
  9
$HIDETEXT
280
     1
  9
$XCLIPFRAME
280
     2
  9
$HALOGAP
280
     0
  9
$OBSCOLOR
 70
   257
  9
$OBSLTYPE
280
     0
  9
$INTERSECTIONDISPLAY
280
     0
  9
$INTERSECTIONCOLOR
 70
   257
  9
$DIMASSOC
280
     2
  9
$PROJECTNAME
  1

  9
$CAMERADISPLAY
290
     0
  9
$LENSLENGTH
 40
50.0
  9
$CAMERAHEIGHT
 40
0.0
  9
$STEPSPERSEC
 40
2.0
  9
$STEPSIZE
 40
6.0
  9
$3DDWFPREC
 40
2.0
  9
$PSOLWIDTH
 40
0.25
  9
$PSOLHEIGHT
 40
4.0
  9
$LOFTANG1
 40
1.570796326794896
  9
$LOFTANG2
 40
1.570796326794896
  9
$LOFTMAG1
 40
0.0
  9
$LOFTMAG2
 40
0.0
  9
$LOFTPARAM
 70
     7
  9
$LOFTNORMALS
280
     1
  9
$LATITUDE
 40
37.795
  9
$LONGITUDE
 40
-122.394
  9
$NORTHDIRECTION
 40
0.0
  9
$TIMEZONE
 70
 -8000
  9
$LIGHTGLYPHDISPLAY
280
     1
  9
$TILEMODELIGHTSYNCH
280
     1
  9
$CMATERIAL
347
167
  9
$SOLIDHIST
280
     0
  9
$SHOWHIST
280
     1
  9
$DWFFRAME
280
     1
  9
$DGNFRAME
280
     1
  9
$REALWORLDSCALE
290
     1
  9
$INTERFERECOLOR
 62
   256
  9
$CSHADOW
280
     0
  9
$SHADOWPLANELOCATION
 40
0.0
  0
ENDSEC
  0
SECTION
  2
CLASSES
  0
CLASS
  1
ACDBDICTIONARYWDFLT
  2
AcDbDictionaryWithDefault
  3
ObjectDBX Classes
 90
        0
 91
        1
280
     0
281
     0
  0
CLASS
  1
ACDBPLACEHOLDER
  2
AcDbPlaceHolder
  3
ObjectDBX Classes
 90
        0
 91
        0
280
     0
281
     0
  0
CLASS
  1
LAYOUT
  2
AcDbLayout
  3
ObjectDBX Classes
 90
        0
 91
        0
280
     0
281
     0
  0
CLASS
  1
DICTIONARYVAR
  2
AcDbDictionaryVar
  3
ObjectDBX Classes
 90
        0
 91
       11
280
     0
281
     0
  0
CLASS
  1
TABLESTYLE
  2
AcDbTableStyle
  3
ObjectDBX Classes
 90
     4095
 91
        1
280
     0
281
     0
  0
CLASS
  1
WIPEOUTVARIABLES
  2
AcDbWipeoutVariables
  3
"WipeOut|Product Desc:     WipeOut Dbx Application|Company:          Autodesk, Inc.|WEB Address:      www.autodesk.com"
 90
        0
 91
        0
280
     0
281
     0
  0
CLASS
  1
SCALE
  2
AcDbScale
  3
ObjectDBX Classes
 90
     1153
 91
       17
280
     0
281
     0
  0
CLASS
  1
MLEADERSTYLE
  2
AcDbMLeaderStyle
  3
ACDB_MLEADERSTYLE_CLASS
 90
     4095
 91
        2
280
     0
281
     0
  0
CLASS
  1
MATERIAL
  2
AcDbMaterial
  3
ObjectDBX Classes
 90
     1153
 91
        3
280
     0
281
     0
  0
CLASS
  1
VISUALSTYLE
  2
AcDbVisualStyle
  3
ObjectDBX Classes
 90
     4095
 91
       24
280
     0
281
     0
  0
CLASS
  1
ACDBSECTIONVIEWSTYLE
  2
AcDbSectionViewStyle
  3
ObjectDBX Classes
 90
     1025
 91
        1
280
     0
281
     0
  0
CLASS
  1
ACDBDETAILVIEWSTYLE
  2
AcDbDetailViewStyle
  3
ObjectDBX Classes
 90
     1025
 91
        1
280
     0
281
     0
  0
CLASS
  1
CELLSTYLEMAP
  2
AcDbCellStyleMap
  3
ObjectDBX Classes
 90
     1152
 91
        3
280
     0
281
     0
  0
CLASS
  1
SORTENTSTABLE
  2
AcDbSortentsTable
  3
ObjectDBX Classes
 90
        0
 91
        2
280
     0
281
     0
  0
CLASS
  1
DIMASSOC
  2
AcDbDimAssoc
  3
ZcDbDimAssoc ObjectDBX Classes
 90
        0
 91
        1
280
     0
281
     0
  0
ENDSEC
  0
SECTION
  2
TABLES
  0
TABLE
  2
VPORT
  5
8
330
0
100
AcDbSymbolTable
 70
     1
  0
VPORT
  5
1CC
330
8
100
AcDbSymbolTableRecord
100
AcDbViewportTableRecord
  2
*Active
 70
     0
 10
0.0
 20
0.0
 11
1.0
 21
1.0
 12
572.3326129853153
 22
219.6273000979584
 13
0.0
 23
0.0
 14
10.0
 24
10.0
 15
10.0
 25
10.0
 16
0.0
 26
0.0
 36
1.0
 17
0.0
 27
0.0
 37
0.0
 40
3156.551788304663
 41
1.68389423076923
 42
50.0
 43
0.0
 44
0.0
 50
0.0
 51
0.0
 71
    16
 72
  1000
 73
     1
 74
     3
 75
     0
 76
     1
 77
     0
 78
     0
281
     0
 65
     1
110
0.0
120
0.0
130
0.0
111
1.0
121
0.0
131
0.0
112
0.0
122
1.0
132
0.0
 79
     0
146
0.0
348
185
 60
     3
 61
     5
292
     1
282
     1
141
0.0
142
0.0
 63
   250
1001
ACAD_NAV_VCDISPLAY
1070
     3
  0
ENDTAB
  0
TABLE
  2
LTYPE
  5
5
330
0
100
AcDbSymbolTable
 70
     1
  0
LTYPE
  5
14
330
5
100
AcDbSymbolTableRecord
100
AcDbLinetypeTableRecord
  2
ByBlock
 70
     0
  3

 72
    65
 73
     0
 40
0.0
  0
LTYPE
  5
15
330
5
100
AcDbSymbolTableRecord
100
AcDbLinetypeTableRecord
  2
ByLayer
 70
     0
  3

 72
    65
 73
     0
 40
0.0
  0
LTYPE
  5
16
330
5
100
AcDbSymbolTableRecord
100
AcDbLinetypeTableRecord
  2
Continuous
 70
     0
  3
Solid line
 72
    65
 73
     0
 40
0.0
  0
ENDTAB
  0
TABLE
  2
LAYER
  5
2
102
{ACAD_XDICTIONARY
360
FA
102
}
330
0
100
AcDbSymbolTable
 70
     6
  0
LAYER
  5
10
330
2
100
AcDbSymbolTableRecord
100
AcDbLayerTableRecord
  2
0
 70
     0
 62
     7
  6
Continuous
370
    -3
390
F
347
177
348
0
  0
LAYER
  5
274
330
2
100
AcDbSymbolTableRecord
100
AcDbLayerTableRecord
  2
WALL DIM
 70
     0
 62
   150
  6
Continuous
370
    25
390
F
347
177
348
0
1001
AcCmTransparency
1071
 33554687
1001
AcAecLayerStandard
1000

1000

  0
LAYER
  5
275
330
2
100
AcDbSymbolTableRecord
100
AcDbLayerTableRecord
  2
18W LED DOWNLIGHT
 70
     0
 62
    10
  6
Continuous
370
    25
390
F
347
177
348
0
1001
AcAecLayerStandard
1000

1000

  0
LAYER
  5
276
330
2
100
AcDbSymbolTableRecord
100
AcDbLayerTableRecord
  2
S.B Text
 70
     0
 62
     7
  6
Continuous
370
    13
390
F
347
177
348
0
1001
AcCmTransparency
1071
 33554687
1001
AcAecLayerStandard
1000

1000

  0
LAYER
  5
283
330
2
100
AcDbSymbolTableRecord
100
AcDbLayerTableRecord
  2
Defpoints
 70
     0
 62
     7
  6
Continuous
290
     0
370
    -3
390
F
347
177
348
0
  0
LAYER
  5
2E4
330
2
100
AcDbSymbolTableRecord
100
AcDbLayerTableRecord
  2
CEILING FAN-
 70
     0
 62
     7
  6
Continuous
370
    30
390
F
347
177
348
0
1001
AcCmTransparency
1071
 33554687
1001
AcAecLayerStandard
1000

1000

  0
ENDTAB
  0
TABLE
  2
STYLE
  5
3
330
0
100
AcDbSymbolTable
 70
     2
  0
STYLE
  5
11
330
3
100
AcDbSymbolTableRecord
100
AcDbTextStyleTableRecord
  2
Standard
 70
     0
 40
0.0
 41
1.0
 50
0.0
 71
     0
 42
2.5
  3
arial.ttf
  4

1001
ACAD
1000
Arial
1071
       34
  0
STYLE
  5
23E
330
3
100
AcDbSymbolTableRecord
100
AcDbTextStyleTableRecord
  2
Annotative
 70
     0
 40
0.0
 41
1.0
 50
0.0
 71
     0
 42
2.5
  3
arial.ttf
  4

1001
AcadAnnotative
1000
AnnotativeData
1002
{
1070
     1
1070
     1
1002
}
1001
ACAD
1000
Arial
1071
       34
  0
ENDTAB
  0
TABLE
  2
VIEW
  5
6
330
0
100
AcDbSymbolTable
 70
     0
  0
ENDTAB
  0
TABLE
  2
UCS
  5
7
330
0
100
AcDbSymbolTable
 70
     0
  0
ENDTAB
  0
TABLE
  2
APPID
  5
9
330
0
100
AcDbSymbolTable
 70
    15
  0
APPID
  5
12
330
9
100
AcDbSymbolTableRecord
100
AcDbRegAppTableRecord
  2
ACAD
 70
     0
  0
APPID
  5
F4
330
9
100
AcDbSymbolTableRecord
100
AcDbRegAppTableRecord
  2
ACAD_PSEXT
 70
     0
  0
APPID
  5
1A9
330
9
100
AcDbSymbolTableRecord
100
AcDbRegAppTableRecord
  2
ACAD_NAV_VCDISPLAY
 70
     0
  0
APPID
  5
23F
330
9
100
AcDbSymbolTableRecord
100
AcDbRegAppTableRecord
  2
AcadAnnoPO
 70
     0
  0
APPID
  5
240
330
9
100
AcDbSymbolTableRecord
100
AcDbRegAppTableRecord
  2
AcadAnnotative
 70
     0
  0
APPID
  5
242
330
9
100
AcDbSymbolTableRecord
100
AcDbRegAppTableRecord
  2
ACAD_DSTYLE_DIMJAG
 70
     0
  0
APPID
  5
243
330
9
100
AcDbSymbolTableRecord
100
AcDbRegAppTableRecord
  2
ACAD_DSTYLE_DIMBREAK
 70
     0
  0
APPID
  5
244
330
9
100
AcDbSymbolTableRecord
100
AcDbRegAppTableRecord
  2
ACAD_DSTYLE_DIMTALN
 70
     0
  0
APPID
  5
253
330
9
100
AcDbSymbolTableRecord
100
AcDbRegAppTableRecord
  2
SectionViewStyle
 70
     0
  0
APPID
  5
254
330
9
100
AcDbSymbolTableRecord
100
AcDbRegAppTableRecord
  2
DetailViewStyle
 70
     0
  0
APPID
  5
278
330
9
100
AcDbSymbolTableRecord
100
AcDbRegAppTableRecord
  2
AcAecLayerStandard
 70
     0
  0
APPID
  5
279
330
9
100
AcDbSymbolTableRecord
100
AcDbRegAppTableRecord
  2
AcCmTransparency
 70
     0
  0
APPID
  5
27A
330
9
100
AcDbSymbolTableRecord
100
AcDbRegAppTableRecord
  2
AcDbBlockRepETag
 70
     0
  0
APPID
  5
292
330
9
100
AcDbSymbolTableRecord
100
AcDbRegAppTableRecord
  2
Acad_TC
 70
     0
  0
APPID
  5
2E5
330
9
100
AcDbSymbolTableRecord
100
AcDbRegAppTableRecord
  2
PE_URL
 70
     0
  0
ENDTAB
  0
TABLE
  2
DIMSTYLE
  5
A
330
0
100
AcDbSymbolTable
 70
     4
100
AcDbDimStyleTable
 71
     2
340
9C
340
245
  0
DIMSTYLE
105
27
330
A
100
AcDbSymbolTableRecord
100
AcDbDimStyleTableRecord
  2
Standard
 70
     0
340
11
  0
DIMSTYLE
105
9C
330
A
100
AcDbSymbolTableRecord
100
AcDbDimStyleTableRecord
  2
ISO-25
 70
     0
 41
2.5
 42
0.625
 43
3.75
 44
1.25
 73
     0
 74
     0
 77
     1
 78
     8
140
2.5
141
2.5
143
0.03937007874016
147
0.625
171
     3
172
     1
271
     2
272
     2
274
     3
278
    44
283
     0
284
     8
340
11
  0
DIMSTYLE
105
245
330
A
100
AcDbSymbolTableRecord
100
AcDbDimStyleTableRecord
  2
Annotative
 70
     0
 41
2.5
 42
0.625
 43
3.75
 44
1.25
 73
     0
 74
     0
 77
     1
 78
     8
140
2.5
141
2.5
143
0.03937007874016
147
0.625
171
     3
172
     1
271
     2
272
     2
274
     3
278
    44
283
     0
284
     8
340
11
1001
ACAD_DSTYLE_DIMBREAK
1070
   391
1040
3.75
1001
AcadAnnotative
1000
AnnotativeData
1002
{
1070
     1
1070
     1
1002
}
1001
ACAD_DSTYLE_DIMJAG
1070
   388
1040
1.5
1001
ACAD_DSTYLE_DIMTALN
1070
   392
1070
     0
  0
DIMSTYLE
105
277
330
A
100
AcDbSymbolTableRecord
100
AcDbDimStyleTableRecord
  2
COLUMN DIM
 70
     0
 41
66.0
 42
66.0
 43
66.0
 44
66.0
 45
10.0
 46
66.0
 73
     0
 74
     0
140
111.0
141
0.0
143
0.0394
147
0.0
171
     0
172
     1
176
   256
177
   256
271
     0
178
   256
271
     0
272
     0
273
     6
274
     0
279
     1
340
11
341
25F
342
265
371
    -1
372
    -1
345
15
346
15
347
15
1001
ACAD_DSTYLE_DIMBREAK
1070
   391
1040
3.75
1001
ACAD_DSTYLE_DIMJAG
1070
   388
1040
1.5
1001
ACAD_DSTYLE_DIMTALN
1070
   392
1070
     0
1001
AcadAnnotative
1000
AnnotativeData
1002
{
1070
     1
1070
     0
1002
}
  0
ENDTAB
  0
TABLE
  2
BLOCK_RECORD
  5
1
330
0
100
AcDbSymbolTable
 70
     8
  0
BLOCK_RECORD
  5
1F
330
1
100
AcDbSymbolTableRecord
100
AcDbBlockTableRecord
  2
*Model_Space
340
22
 70
     0
280
     1
281
     0
  0
BLOCK_RECORD
  5
1DF
330
1
100
AcDbSymbolTableRecord
100
AcDbBlockTableRecord
  2
*Paper_Space
340
1E0
 70
     0
280
     1
281
     0
  0
BLOCK_RECORD
  5
1E3
330
1
100
AcDbSymbolTableRecord
100
AcDbBlockTableRecord
  2
*Paper_Space0
340
1E4
 70
     0
280
     1
281
     0
  0
BLOCK_RECORD
  5
25F
330
1
100
AcDbSymbolTableRecord
100
AcDbBlockTableRecord
  2
_Open30
340
0
 70
     0
280
     1
281
     0
  0
BLOCK_RECORD
  5
265
330
1
100
AcDbSymbolTableRecord
100
AcDbBlockTableRecord
  2
_Oblique
340
0
 70
     0
280
     1
281
     0
  0
BLOCK_RECORD
  5
269
330
1
100
AcDbSymbolTableRecord
100
AcDbBlockTableRecord
  2
C-LIGHT
340
0
310
280000002000000020000000010008000000000000040000E8D68F073E000000000000000000000000000000000080000080000000808000800000008000800080800000C0C0C000C0DCC000F0CAA6000020400000206000002080000020A0000020C0000020E00000400000004020000040400000406000004080000040A0
310
000040C0000040E00000600000006020000060400000606000006080000060A0000060C0000060E00000800000008020000080400000806000008080000080A0000080C0000080E00000A0000000A0200000A0400000A0600000A0800000A0A00000A0C00000A0E00000C0000000C0200000C0400000C0600000C0800000C0
310
A00000C0C00000C0E00000E0000000E0200000E0400000E0600000E0800000E0A00000E0C00000E0E00040000000400020004000400040006000400080004000A0004000C0004000E00040200000402020004020400040206000402080004020A0004020C0004020E000404000004040200040404000404060004040800040
310
40A0004040C0004040E00040600000406020004060400040606000406080004060A0004060C0004060E00040800000408020004080400040806000408080004080A0004080C0004080E00040A0000040A0200040A0400040A0600040A0800040A0A00040A0C00040A0E00040C0000040C0200040C0400040C0600040C08000
310
40C0A00040C0C00040C0E00040E0000040E0200040E0400040E0600040E0800040E0A00040E0C00040E0E00080000000800020008000400080006000800080008000A0008000C0008000E00080200000802020008020400080206000802080008020A0008020C0008020E00080400000804020008040400080406000804080
310
008040A0008040C0008040E00080600000806020008060400080606000806080008060A0008060C0008060E00080800000808020008080400080806000808080008080A0008080C0008080E00080A0000080A0200080A0400080A0600080A0800080A0A00080A0C00080A0E00080C0000080C0200080C0400080C0600080C0
310
800080C0A00080C0C00080C0E00080E0000080E0200080E0400080E0600080E0800080E0A00080E0C00080E0E000C0000000C0002000C0004000C0006000C0008000C000A000C000C000C000E000C0200000C0202000C0204000C0206000C0208000C020A000C020C000C020E000C0400000C0402000C0404000C0406000C0
310
408000C040A000C040C000C040E000C0600000C0602000C0604000C0606000C0608000C060A000C060C000C060E000C0800000C0802000C0804000C0806000C0808000C080A000C080C000C080E000C0A00000C0A02000C0A04000C0A06000C0A08000C0A0A000C0A0C000C0A0E000C0C00000C0C02000C0C04000C0C06000
310
C0C08000C0C0A000F0FBFF00A4A0A000808080000000FF0000FF000000FFFF00FF000000FF00FF00FFFF0000FFFFFF00000000000000000000000000000000000000000000000000000000000000000000000000000000000000000000000000F9000000000000000000000000000000000000000000000000000000000000
310
00F900000000000000000000000000000000000000000000000000000000000000F90000000000000000000000000000000000000000000000000000000000F9F9F9F9F900000000000000000000000000000000000000000000000000F9F90000F90000F9F900000000000000000000000000000000000000000000F9F9F9
310
F9F9FDF9F9F9F9F900000000000000000000000000000000000000F9F9F9FDFDFDFDFDFDFDFDFDF9F9F900000000000000000000000000000000F9F9F9FDFDFDFDFDFDFDFDFDFDFDF9F9F90000000000000000000000000000F9F9FDFDFDFDFDFDFDFDFDFDFDFDFDFDF9F90000000000000000000000000000F9F9FDFDFD00
310
00000000000000FDFDFDFDF9F9000000000000000000000000F9F9FDFDFD00000000000000000000FDFDFDFDF9F900000000000000000000F900F9FDFD000000000000000000000000FDFDFDF9F900000000000000000000F900F9FDFD000000000000000000000000FDFDFDF900F9000000000000000000F9F9FDFDFD0000
310
00000000000000000000FDFDFDF900F9000000000000F9F9F9F9F9FDFDFD000000000000000000000000FDFDFDFDF9F9F9F9F9000000000000F9F9FDFDFD000000000000000000000000FDFDFDF900F9000000000000000000F900F9FDFD000000000000000000000000FDFDFDF900F9000000000000000000F900F9FDFD00
310
0000000000000000000000FDFDFDF9F90000000000000000000000F9F9FDFDFD00000000000000000000FDFDFDFDF9F9000000000000000000000000F9F9FDFDFD0000000000000000FDFDFDFDF9F900000000000000000000000000F9F9FDFDFDFD000000000000FDFDFDFDF9F9000000000000000000000000000000F9F9
310
FDFDFDFDFDFDFDFDFDFDFDFDFDF9F900000000000000000000000000000000F9F9F9FDFDFDFDFDFDFDFDFDF9F9F9000000000000000000000000000000000000F9F9F9F9F9FDFDFDF9F9F9F9F9000000000000000000000000000000000000000000F90000F9F9F90000F90000000000000000000000000000000000000000
310
00000000F9F9F9F9F9F9F900000000000000000000000000000000000000000000000000000000F900000000000000000000000000000000000000000000000000000000000000F900000000000000000000000000000000000000000000000000000000000000F90000000000000000000000000000000000000000000000
310
0000000000000000000000000000000000000000000000000000000000000000000000000000000000000000000000000000000000000000
102
{BLKREFS
331
27C
331
2E7
102
}
 70
     2
280
     1
281
     0
  0
BLOCK_RECORD
  5
284
330
1
100
AcDbSymbolTableRecord
100
AcDbBlockTableRecord
  2
*D5
340
0
 70
     0
280
     1
281
     0
  0
BLOCK_RECORD
  5
2AE
330
1
100
AcDbSymbolTableRecord
100
AcDbBlockTableRecord
  2
CEILING FAN
340
0
310
28000000200000002000000001000800000000000004000001E875D203000000000000000000000000000000000080000080000000808000800000008000800080800000C0C0C000C0DCC000F0CAA6000020400000206000002080000020A0000020C0000020E00000400000004020000040400000406000004080000040A0
310
000040C0000040E00000600000006020000060400000606000006080000060A0000060C0000060E00000800000008020000080400000806000008080000080A0000080C0000080E00000A0000000A0200000A0400000A0600000A0800000A0A00000A0C00000A0E00000C0000000C0200000C0400000C0600000C0800000C0
310
A00000C0C00000C0E00000E0000000E0200000E0400000E0600000E0800000E0A00000E0C00000E0E00040000000400020004000400040006000400080004000A0004000C0004000E00040200000402020004020400040206000402080004020A0004020C0004020E000404000004040200040404000404060004040800040
310
40A0004040C0004040E00040600000406020004060400040606000406080004060A0004060C0004060E00040800000408020004080400040806000408080004080A0004080C0004080E00040A0000040A0200040A0400040A0600040A0800040A0A00040A0C00040A0E00040C0000040C0200040C0400040C0600040C08000
310
40C0A00040C0C00040C0E00040E0000040E0200040E0400040E0600040E0800040E0A00040E0C00040E0E00080000000800020008000400080006000800080008000A0008000C0008000E00080200000802020008020400080206000802080008020A0008020C0008020E00080400000804020008040400080406000804080
310
008040A0008040C0008040E00080600000806020008060400080606000806080008060A0008060C0008060E00080800000808020008080400080806000808080008080A0008080C0008080E00080A0000080A0200080A0400080A0600080A0800080A0A00080A0C00080A0E00080C0000080C0200080C0400080C0600080C0
310
800080C0A00080C0C00080C0E00080E0000080E0200080E0400080E0600080E0800080E0A00080E0C00080E0E000C0000000C0002000C0004000C0006000C0008000C000A000C000C000C000E000C0200000C0202000C0204000C0206000C0208000C020A000C020C000C020E000C0400000C0402000C0404000C0406000C0
310
408000C040A000C040C000C040E000C0600000C0602000C0604000C0606000C0608000C060A000C060C000C060E000C0800000C0802000C0804000C0806000C0808000C080A000C080C000C080E000C0A00000C0A02000C0A04000C0A06000C0A08000C0A0A000C0A0C000C0A0E000C0C00000C0C02000C0C04000C0C06000
310
C0C08000C0C0A000F0FBFF00A4A0A000808080000000FF0000FF000000FFFF00FF000000FF00FF00FFFF0000FFFFFF00000000000000000000000000000000FFFF0000000000000000000000000000000000000000000000000000FFFFFFFFFF00FFFFFFFFFF00000000000000000000000000000000000000FFFF000000FF
310
000000FF000000FFFF000000000000000000000000000000FFFF0000000000FF000000FF0000000000FFFF000000000000000000000000FF00000000000000FF000000FF000000000000FF000000000000000000000000FF00000000000000FF000000FF00000000000000FF000000000000000000FFFF0000000000000000
310
FF000000FF0000000000000000FFFF000000000000FF00000000000000000000FF000000FF000000000000000000FF000000000000FF00000000000000000000FF000000FF00000000000000000000FF0000000000FF00000000000000000000FF000000FF00000000000000000000FF00000000FF00000000000000000000
310
00FF000000FF0000000000000000000000FF000000FF0000000000000000000000FF0000FFFF0000000000000000000000FF000000FF000000000000000000000000FFFF00000000000000000000000000FF000000FF0000000000000000000000FCFCFCFCFC0000000000000000000000FF0000FF00000000000000000000
310
0000FCFC00FCFC0000000000000000000000FF0000FF000000000000000000FFFFFCFC000000FCFFFF00000000000000000000FF00FF00000000000000FFFF0000FFFCFC00FCFFFF0000FFFF000000000000FF000000FF0000000000FF00000000FFFCFCFCFCFF0000000000FF0000000000FF000000FF000000FFFF000000
310
0000FFFF00FC00FF000000000000FF00000000FF000000FF00FFFF00000000000000000000000000FF000000000000FFFF0000FF000000FFFF00000000000000FFFF00000000000000FFFF000000000000FF00FF00000000FF0000000000FFFF0000000000000000000000FFFF0000000000FF0000000000FF000000FFFF00
310
0000000000000000000000000000FFFF0000FFFF0000000000FFFFFFFF00000000000000000000000000000000000000FFFFFF00000000000000FF0000000000000000000000000000000000000000000000FF0000000000000000FFFF00000000000000000000000000000000000000FFFF00000000000000000000FF0000
310
00000000000000000000000000000000FF00000000000000000000000000FF0000000000000000000000000000000000FF0000000000000000000000000000FFFFFF0000000000000000000000FFFFFF000000000000000000000000000000000000FFFFFFFF000000FFFFFFFF000000000000000000000000000000000000
310
00000000000000FFFFFF00000000000000000000000000000000000000000000000000000000000000000000000000000000000000000000
102
{BLKREFS
331
2E9
102
}
 70
     4
280
     1
281
     0
1001
ACAD
1000
DesignCenter Data
1002
{
1070
     1
1070
     4
1002
}
  0
ENDTAB
  0
ENDSEC
  0
SECTION
  2
BLOCKS
  0
BLOCK
  5
20
330
1F
100
AcDbEntity
  8
0
100
AcDbBlockBegin
  2
*Model_Space
 70
     0
 10
0.0
 20
0.0
 30
0.0
  3
*Model_Space
  1

  0
ENDBLK
  5
21
330
1F
100
AcDbEntity
  8
0
100
AcDbBlockEnd
  0
BLOCK
  5
1E1
330
1DF
100
AcDbEntity
 67
     1
  8
0
100
AcDbBlockBegin
  2
*Paper_Space
 70
     0
 10
0.0
 20
0.0
 30
0.0
  3
*Paper_Space
  1

  0
ENDBLK
  5
1E2
330
1DF
100
AcDbEntity
 67
     1
  8
0
100
AcDbBlockEnd
  0
BLOCK
  5
1E5
330
1E3
100
AcDbEntity
  8
0
100
AcDbBlockBegin
  2
*Paper_Space0
 70
     0
 10
0.0
 20
0.0
 30
0.0
  3
*Paper_Space0
  1

  0
ENDBLK
  5
1E6
330
1E3
100
AcDbEntity
  8
0
100
AcDbBlockEnd
  0
BLOCK
  5
260
330
25F
100
AcDbEntity
  8
0
100
AcDbBlockBegin
  2
_Open30
 70
     0
 10
0.0
 20
0.0
 30
0.0
  3
_Open30
  1

  0
LINE
  5
261
330
25F
100
AcDbEntity
  8
0
  6
ByBlock
 62
     0
370
    -2
100
AcDbLine
 10
-1.0
 20
0.26794919
 30
0.0
 11
0.0
 21
0.0
 31
0.0
  0
LINE
  5
262
330
25F
100
AcDbEntity
  8
0
  6
ByBlock
 62
     0
370
    -2
100
AcDbLine
 10
0.0
 20
0.0
 30
0.0
 11
-1.0
 21
-0.26794919
 31
0.0
  0
LINE
  5
263
330
25F
100
AcDbEntity
  8
0
  6
ByBlock
 62
     0
370
    -2
100
AcDbLine
 10
0.0
 20
0.0
 30
0.0
 11
-1.0
 21
0.0
 31
0.0
  0
ENDBLK
  5
264
330
25F
100
AcDbEntity
  8
0
100
AcDbBlockEnd
  0
BLOCK
  5
266
330
265
100
AcDbEntity
  8
0
100
AcDbBlockBegin
  2
_Oblique
 70
     0
 10
0.0
 20
0.0
 30
0.0
  3
_Oblique
  1

  0
LINE
  5
267
330
265
100
AcDbEntity
  8
0
  6
ByBlock
 62
     0
370
    -2
100
AcDbLine
 10
-0.5
 20
-0.5
 30
0.0
 11
0.5
 21
0.5
 31
0.0
  0
ENDBLK
  5
268
330
265
100
AcDbEntity
  8
0
100
AcDbBlockEnd
  0
BLOCK
  5
26A
330
269
100
AcDbEntity
  8
18W LED DOWNLIGHT
 48
5.0
100
AcDbBlockBegin
  2
C-LIGHT
 70
     0
 10
0.0
 20
0.0
 30
0.0
  3
C-LIGHT
  1

  0
CIRCLE
  5
26B
330
269
100
AcDbEntity
  8
18W LED DOWNLIGHT
 62
     1
370
    30
100
AcDbCircle
 10
-0.0001937930792337
 20
0.000209839490708
 30
0.0
 40
2.505243685874834
1001
AcDbBlockRepETag
1070
     1
1071
        0
1005
0
  0
HATCH
  5
26C
330
269
100
AcDbEntity
  8
18W LED DOWNLIGHT
 62
     6
 48
5.0
370
    30
100
AcDbHatch
 10
0.0
 20
0.0
 30
0.0
210
0.0
220
0.0
230
1.0
  2
SOLID
 70
     1
 71
     0
 91
        2
 92
        1
 93
        1
 72
     2
 10
0.0139712251111632
 20
0.000209839490708
 40
2.658292962086
 50
540.0000000029965
 51
900.0000000029965
 73
     0
 97
        0
 92
       16
 93
        1
 72
     2
 10
0.0139712251111632
 20
0.000209839490708
 40
1.713833782487489
 50
540.0000000029965
 51
900.0000000029965
 73
     0
 97
        0
 75
     0
 76
     1
 98
        2
 10
-9.510855506799998
 20
1.125700038479408
 10
-9.510855506799998
 20
1.125700038479408
  0
CIRCLE
  5
26D
330
269
100
AcDbEntity
  8
18W LED DOWNLIGHT
 62
     1
 48
5.0
370
    30
100
AcDbCircle
 10
0.0139712251111632
 20
0.000209839490708
 30
0.0
 40
2.658292962086436
  0
CIRCLE
  5
26E
330
269
100
AcDbEntity
  8
18W LED DOWNLIGHT
 62
     1
 48
5.0
370
    30
100
AcDbCircle
 10
0.0139712251111632
 20
0.000209839490708
 30
0.0
 40
3.000000000000053
  0
LINE
  5
26F
330
269
100
AcDbEntity
  8
18W LED DOWNLIGHT
 62
     1
 48
5.0
370
    30
100
AcDbLine
 10
-2.986028774888836
 20
0.000209839650779
 30
0.0
 11
-4.025725422819959
 21
0.0002098397089867
 31
0.0
  0
LINE
  5
270
330
269
100
AcDbEntity
  8
18W LED DOWNLIGHT
 62
     1
 48
5.0
370
    30
100
AcDbLine
 10
3.013971225111163
 20
0.0002098393306369
 30
0.0
 11
4.05366787307139
 21
0.0002098392869812
 31
0.0
  0
LINE
  5
271
330
269
100
AcDbEntity
  8
18W LED DOWNLIGHT
 62
     1
 48
5.0
370
    30
100
AcDbLine
 10
0.0139712252712343
 20
3.000209839490707
 30
0.0
 11
0.013971225329442
 21
4.039906487450934
 31
0.0
  0
LINE
  5
272
330
269
100
AcDbEntity
  8
18W LED DOWNLIGHT
 62
     1
 48
5.0
370
    30
100
AcDbLine
 10
0.0139712249656441
 20
-2.999790160509292
 30
0.0
 11
0.0139712249219883
 21
-4.039486808469519
 31
0.0
  0
ENDBLK
  5
273
330
269
100
AcDbEntity
  8
18W LED DOWNLIGHT
 48
5.0
100
AcDbBlockEnd
  0
BLOCK
  5
290
330
284
100
AcDbEntity
  8
0
100
AcDbBlockBegin
  2
*D5
 70
     1
 10
0.0
 20
0.0
 30
0.0
  3
*D5
  1

  0
LINE
  5
2A1
330
284
100
AcDbEntity
  8
0
 62
     0
370
    -2
100
AcDbLine
 10
565.4971164126333
 20
461.163203909677
 30
0.0
 11
700.7786677486556
 21
461.163203909677
 31
0.0
  0
LINE
  5
2A2
330
284
100
AcDbEntity
  8
0
 62
     0
370
    -2
100
AcDbLine
 10
700.1536677486556
 20
460.6900133267711
 30
0.0
 11
700.7786677486556
 21
460.6900133267711
 31
0.0
  0
LINE
  5
2A3
330
284
100
AcDbEntity
  8
0
 62
     0
370
    -2
100
AcDbLine
 10
699.5286677486555
 20
458.1900133267711
 30
0.0
 11
699.5286677486555
 21
447.9461524809321
 31
0.0
  0
LINE
  5
2A4
330
284
100
AcDbEntity
  8
0
 62
     0
370
    -2
100
AcDbLine
 10
699.5286677486555
 20
461.163203909677
 30
0.0
 11
699.5286677486555
 21
460.6900133267711
 31
0.0
  0
LINE
  5
2A5
330
284
100
AcDbEntity
  8
0
 62
     0
370
    -2
100
AcDbLine
 10
699.5286677486555
 20
463.6632039096769
 30
0.0
 11
699.5286677486555
 21
466.163203909677
 31
0.0
  0
SOLID
  5
2A6
330
284
100
AcDbEntity
  8
0
 62
     0
100
AcDbTrace
 10
699.112001081989
 20
463.6632039096769
 30
0.0
 11
699.9453344153222
 21
463.6632039096769
 31
0.0
 12
699.5286677486555
 22
461.163203909677
 32
0.0
 13
699.5286677486555
 23
461.163203909677
 33
0.0
  0
SOLID
  5
2A7
330
284
100
AcDbEntity
  8
0
 62
     0
100
AcDbTrace
 10
699.9453344153222
 20
458.1900133267711
 30
0.0
 11
699.112001081989
 21
458.1900133267711
 31
0.0
 12
699.5286677486555
 22
460.6900133267711
 32
0.0
 13
699.5286677486555
 23
460.6900133267711
 33
0.0
  0
MTEXT
  5
2A8
330
284
100
AcDbEntity
  8
0
 62
     0
100
AcDbMText
 10
697.4012802998152
 20
451.8180829038517
 30
0.0
 40
2.5
 41
0.0
 46
0.0
 71
     5
 72
     1
  1
0,47
 11
0.0
 21
1.0
 31
0.0
 73
     1
 44
1.0
  0
POINT
  5
2A9
330
284
100
AcDbEntity
  8
Defpoints
 62
     0
100
AcDbPoint
 10
564.8721164126333
 20
461.163203909677
 30
0.0
  0
POINT
  5
2AA
330
284
100
AcDbEntity
  8
Defpoints
 62
     0
100
AcDbPoint
 10
699.5286677486555
 20
460.6900133267711
 30
0.0
  0
POINT
  5
2AB
330
284
100
AcDbEntity
  8
Defpoints
 62
     0
100
AcDbPoint
 10
699.5286677486555
 20
460.6900133267711
 30
0.0
  0
ENDBLK
  5
291
330
284
100
AcDbEntity
  8
0
100
AcDbBlockEnd
  0
BLOCK
  5
2AF
330
2AE
100
AcDbEntity
  8
CEILING FAN-
 48
3.0
100
AcDbBlockBegin
  2
CEILING FAN
 70
     0
 10
0.0
 20
0.0
 30
0.0
  3
CEILING FAN
  1

  0
CIRCLE
  5
2B0
330
2AE
100
AcDbEntity
  8
CEILING FAN-
 62
     5
370
    20
100
AcDbCircle
 10
0.0000000004656613
 20
0.0
 30
0.0
 40
103.5049347407998
1001
PE_URL
1000
http://www.Architecture4design.com
1002
{
1000
http://www.Architecture4design.com
1002
{
1071
        1
1002
}
1002
}
  0
LINE
  5
2B1
330
2AE
100
AcDbEntity
  8
CEILING FAN-
370
    20
100
AcDbLine
 10
85.45161563437432
 20
-173.3751750205556
 30
0.0
 11
69.77344766492024
 21
-558.5147028662176
 31
0.0
1001
PE_URL
1000
http://www.Architecture4design.com
1002
{
1000
http://www.Architecture4design.com
1002
{
1071
        1
1002
}
1002
}
  0
LINE
  5
2B2
330
2AE
100
AcDbEntity
  8
CEILING FAN-
370
    20
100
AcDbLine
 10
34.93664336996153
 20
-138.1120738003956
 30
0.0
 11
65.63755652401596
 21
-149.6734385297895
 31
0.0
1001
PE_URL
1000
http://www.Architecture4design.com
1002
{
1000
http://www.Architecture4design.com
1002
{
1071
        1
1002
}
1002
}
  0
LINE
  5
2B3
330
2AE
100
AcDbEntity
  8
CEILING FAN-
370
    20
100
AcDbLine
 10
-108.0391391264274
 20
77.43809240782866
 30
0.0
 11
-81.22274484438822
 21
61.18652408241178
 31
0.0
1001
PE_URL
1000
http://www.Architecture4design.com
1002
{
1000
http://www.Architecture4design.com
1002
{
1071
        1
1002
}
1002
}
  0
LINE
  5
2B4
330
2AE
100
AcDbEntity
  8
CEILING FAN-
370
    20
100
AcDbLine
 10
-192.873113702517
 20
12.68431758627412
 30
0.0
 11
-518.5746448282152
 21
218.8317732789001
 31
0.0
1001
PE_URL
1000
http://www.Architecture4design.com
1002
{
1000
http://www.Architecture4design.com
1002
{
1071
        1
1002
}
1002
}
  0
LINE
  5
2B5
330
2AE
100
AcDbEntity
  8
CEILING FAN-
370
    20
100
AcDbLine
 10
-478.7423956887796
 20
339.9223781082255
 30
0.0
 11
-448.6594735486432
 21
339.5205799713876
 31
0.0
1001
PE_URL
1000
http://www.Architecture4design.com
1002
{
1000
http://www.Architecture4design.com
1002
{
1071
        1
1002
}
1002
}
  0
LINE
  5
2B6
330
2AE
100
AcDbEntity
  8
CEILING FAN-
370
    20
100
AcDbLine
 10
-528.7719129021279
 20
267.6006972750037
 30
0.0
 11
-519.6152422623709
 21
300.0000000097207
 31
0.0
1001
PE_URL
1000
http://www.Architecture4design.com
1002
{
1000
http://www.Architecture4design.com
1002
{
1071
        1
1002
}
1002
}
  0
LINE
  5
2B7
330
2AE
100
AcDbEntity
  8
CEILING FAN-
370
    20
100
AcDbLine
 10
-532.0978698460385
 20
241.437327760199
 30
0.0
 11
-528.7719129021279
 21
267.6006972750037
 31
0.0
1001
PE_URL
1000
http://www.Architecture4design.com
1002
{
1000
http://www.Architecture4design.com
1002
{
1071
        1
1002
}
1002
}
  0
LINE
  5
2B8
330
2AE
100
AcDbEntity
  8
CEILING FAN-
370
    20
100
AcDbLine
 10
-518.5746448282152
 20
218.8317732789001
 30
0.0
 11
-532.0978698460385
 21
241.437327760199
 31
0.0
1001
PE_URL
1000
http://www.Architecture4design.com
1002
{
1000
http://www.Architecture4design.com
1002
{
1071
        1
1002
}
1002
}
  0
LINE
  5
2B9
330
2AE
100
AcDbEntity
  8
CEILING FAN-
370
    20
100
AcDbLine
 10
-496.3503078068606
 20
328.672948664549
 30
0.0
 11
-478.7423956887796
 21
339.9223781082255
 31
0.0
1001
PE_URL
1000
http://www.Architecture4design.com
1002
{
1000
http://www.Architecture4design.com
1002
{
1071
        1
1002
}
1002
}
  0
LINE
  5
2BA
330
2AE
100
AcDbEntity
  8
CEILING FAN-
370
    20
100
AcDbLine
 10
-519.6152422623709
 20
300.0000000097207
 30
0.0
 11
-496.3503078068606
 21
328.672948664549
 31
0.0
1001
PE_URL
1000
http://www.Architecture4design.com
1002
{
1000
http://www.Architecture4design.com
1002
{
1071
        1
1002
}
1002
}
  0
LINE
  5
2BB
330
2AE
100
AcDbEntity
  8
CEILING FAN-
370
    20
100
AcDbLine
 10
-448.6594735486432
 20
339.5205799713876
 30
0.0
 11
-106.9223600775003
 21
161.0540465790691
 31
0.0
1001
PE_URL
1000
http://www.Architecture4design.com
1002
{
1000
http://www.Architecture4design.com
1002
{
1071
        1
1002
}
1002
}
  0
LINE
  5
2BC
330
2AE
100
AcDbEntity
  8
CEILING FAN-
370
    20
100
AcDbLine
 10
-106.9223600775003
 20
161.0540465790691
 30
0.0
 11
-93.51645292155444
 21
131.8640903142805
 31
0.0
1001
PE_URL
1000
http://www.Architecture4design.com
1002
{
1000
http://www.Architecture4design.com
1002
{
1071
        1
1002
}
1002
}
  0
LINE
  5
2BD
330
2AE
100
AcDbEntity
  8
CEILING FAN-
370
    20
100
AcDbLine
 10
-93.51645292155444
 20
131.8640903142805
 30
0.0
 11
-94.91814125655219
 21
109.0224382371962
 31
0.0
1001
PE_URL
1000
http://www.Architecture4design.com
1002
{
1000
http://www.Architecture4design.com
1002
{
1071
        1
1002
}
1002
}
  0
LINE
  5
2BE
330
2AE
100
AcDbEntity
  8
CEILING FAN-
370
    20
100
AcDbLine
 10
-94.91814125655219
 20
109.0224382371962
 30
0.0
 11
-108.0391391264274
 21
77.43809240782866
 31
0.0
1001
PE_URL
1000
http://www.Architecture4design.com
1002
{
1000
http://www.Architecture4design.com
1002
{
1071
        1
1002
}
1002
}
  0
LINE
  5
2BF
330
2AE
100
AcDbEntity
  8
CEILING FAN-
370
    20
100
AcDbLine
 10
-69.70371059700847
 20
-558.3107917706366
 30
0.0
 11
-86.01571561116726
 21
-173.1245033494779
 31
0.0
1001
PE_URL
1000
http://www.Architecture4design.com
1002
{
1000
http://www.Architecture4design.com
1002
{
1071
        1
1002
}
1002
}
  0
LINE
  5
2C0
330
2AE
100
AcDbEntity
  8
CEILING FAN-
370
    20
100
AcDbLine
 10
-67.43942558579147
 20
-146.9196690784301
 30
0.0
 11
-46.95713047403842
 21
-136.712740747258
 31
0.0
1001
PE_URL
1000
http://www.Architecture4design.com
1002
{
1000
http://www.Architecture4design.com
1002
{
1071
        1
1002
}
1002
}
  0
LINE
  5
2C1
330
2AE
100
AcDbEntity
  8
CEILING FAN-
370
    20
100
AcDbLine
 10
-86.01571561116726
 20
-173.1245033494779
 30
0.0
 11
-67.43942558579147
 21
-146.9196690784301
 31
0.0
1001
PE_URL
1000
http://www.Architecture4design.com
1002
{
1000
http://www.Architecture4design.com
1002
{
1071
        1
1002
}
1002
}
  0
LINE
  5
2C2
330
2AE
100
AcDbEntity
  8
CEILING FAN-
370
    20
100
AcDbLine
 10
13.2144321128726
 20
-100.9716363882035
 30
0.0
 11
13.18761626258492
 21
-132.9618415161967
 31
0.0
1001
PE_URL
1000
http://www.Architecture4design.com
1002
{
1000
http://www.Architecture4design.com
1002
{
1071
        1
1002
}
1002
}
  0
LINE
  5
2C3
330
2AE
100
AcDbEntity
  8
CEILING FAN-
370
    20
100
AcDbLine
 10
13.18761626258492
 20
-132.9618415161967
 30
0.0
 11
34.93664336996153
 21
-138.1120738003956
 31
0.0
1001
PE_URL
1000
http://www.Architecture4design.com
1002
{
1000
http://www.Architecture4design.com
1002
{
1071
        1
1002
}
1002
}
  0
LINE
  5
2C4
330
2AE
100
AcDbEntity
  8
CEILING FAN-
370
    20
100
AcDbLine
 10
-46.95713047403842
 20
-136.712740747258
 30
0.0
 11
-13.04378559952602
 21
-132.2836853072949
 31
0.0
1001
PE_URL
1000
http://www.Architecture4design.com
1002
{
1000
http://www.Architecture4design.com
1002
{
1071
        1
1002
}
1002
}
  0
LINE
  5
2C5
330
2AE
100
AcDbEntity
  8
CEILING FAN-
370
    20
100
AcDbLine
 10
-13.04378559952602
 20
-132.2836853072949
 30
0.0
 11
-12.37771178875118
 21
-100.9342224623542
 31
0.0
1001
PE_URL
1000
http://www.Architecture4design.com
1002
{
1000
http://www.Architecture4design.com
1002
{
1071
        1
1002
}
1002
}
  0
LINE
  5
2C6
330
2AE
100
AcDbEntity
  8
CEILING FAN-
370
    20
100
AcDbLine
 10
56.95807571988552
 20
-581.5289365129283
 30
0.0
 11
32.63695458415896
 21
-591.7302580676477
 31
0.0
1001
PE_URL
1000
http://www.Architecture4design.com
1002
{
1000
http://www.Architecture4design.com
1002
{
1071
        1
1002
}
1002
}
  0
LINE
  5
2C7
330
2AE
100
AcDbEntity
  8
CEILING FAN-
370
    20
100
AcDbLine
 10
-55.01021685451269
 20
-584.5642656489653
 30
0.0
 11
-69.70371059700847
 21
-558.3107917706366
 31
0.0
1001
PE_URL
1000
http://www.Architecture4design.com
1002
{
1000
http://www.Architecture4design.com
1002
{
1071
        1
1002
}
1002
}
  0
LINE
  5
2C8
330
2AE
100
AcDbEntity
  8
CEILING FAN-
370
    20
100
AcDbLine
 10
0.0000000004656613
 20
-600.0000000330474
 30
0.0
 11
-36.46396915568039
 21
-594.1884500683081
 31
0.0
1001
PE_URL
1000
http://www.Architecture4design.com
1002
{
1000
http://www.Architecture4design.com
1002
{
1071
        1
1002
}
1002
}
  0
LINE
  5
2C9
330
2AE
100
AcDbEntity
  8
CEILING FAN-
370
    20
100
AcDbLine
 10
-36.46396915568039
 20
-594.1884500683081
 30
0.0
 11
-55.01021685451269
 21
-584.5642656489653
 31
0.0
1001
PE_URL
1000
http://www.Architecture4design.com
1002
{
1000
http://www.Architecture4design.com
1002
{
1071
        1
1002
}
1002
}
  0
LINE
  5
2CA
330
2AE
100
AcDbEntity
  8
CEILING FAN-
370
    20
100
AcDbLine
 10
32.63695458415896
 20
-591.7302580676477
 30
0.0
 11
0.0000000004656613
 21
-600.0000000330474
 31
0.0
1001
PE_URL
1000
http://www.Architecture4design.com
1002
{
1000
http://www.Architecture4design.com
1002
{
1071
        1
1002
}
1002
}
  0
LINE
  5
2CB
330
2AE
100
AcDbEntity
  8
CEILING FAN-
370
    20
100
AcDbLine
 10
69.77344766492024
 20
-558.5147028662176
 30
0.0
 11
56.95807571988552
 21
-581.5289365129283
 31
0.0
1001
PE_URL
1000
http://www.Architecture4design.com
1002
{
1000
http://www.Architecture4design.com
1002
{
1071
        1
1002
}
1002
}
  0
LINE
  5
2CC
330
2AE
100
AcDbEntity
  8
CEILING FAN-
370
    20
100
AcDbLine
 10
-94.05121818557381
 20
39.04178425115242
 30
0.0
 11
-121.7421405487694
 21
55.06011007761117
 31
0.0
1001
PE_URL
1000
http://www.Architecture4design.com
1002
{
1000
http://www.Architecture4design.com
1002
{
1071
        1
1002
}
1002
}
  0
LINE
  5
2CD
330
2AE
100
AcDbEntity
  8
CEILING FAN-
370
    20
100
AcDbLine
 10
-162.4397782571614
 20
17.99292790451727
 30
0.0
 11
-192.873113702517
 21
12.68431758627412
 31
0.0
1001
PE_URL
1000
http://www.Architecture4design.com
1002
{
1000
http://www.Architecture4design.com
1002
{
1071
        1
1002
}
1002
}
  0
LINE
  5
2CE
330
2AE
100
AcDbEntity
  8
CEILING FAN-
370
    20
100
AcDbLine
 10
-137.0768861533142
 20
38.8000162805547
 30
0.0
 11
-162.4397782571614
 21
17.99292790451727
 31
0.0
1001
PE_URL
1000
http://www.Architecture4design.com
1002
{
1000
http://www.Architecture4design.com
1002
{
1071
        1
1002
}
1002
}
  0
LINE
  5
2CF
330
2AE
100
AcDbEntity
  8
CEILING FAN-
370
    20
100
AcDbLine
 10
-121.7421405487694
 20
55.06011007761117
 30
0.0
 11
-137.0768861533142
 21
38.8000162805547
 31
0.0
1001
PE_URL
1000
http://www.Architecture4design.com
1002
{
1000
http://www.Architecture4design.com
1002
{
1071
        1
1002
}
1002
}
  0
LINE
  5
2D0
330
2AE
100
AcDbEntity
  8
CEILING FAN-
370
    20
100
AcDbLine
 10
532.8142769550904
 20
265.5155013910116
 30
0.0
 11
533.7526126471348
 21
244.6418875679956
 31
0.0
1001
PE_URL
1000
http://www.Architecture4design.com
1002
{
1000
http://www.Architecture4design.com
1002
{
1071
        1
1002
}
1002
}
  0
LINE
  5
2D1
330
2AE
100
AcDbEntity
  8
CEILING FAN-
370
    20
100
AcDbLine
 10
102.1402428965084
 20
99.31205753436371
 30
0.0
 11
96.80222183698788
 21
131.680510627033
 31
0.0
1001
PE_URL
1000
http://www.Architecture4design.com
1002
{
1000
http://www.Architecture4design.com
1002
{
1071
        1
1002
}
1002
}
  0
LINE
  5
2D2
330
2AE
100
AcDbEntity
  8
CEILING FAN-
370
    20
100
AcDbLine
 10
107.4214981715195
 20
160.6908574488043
 30
0.0
 11
448.8011972666718
 21
339.6829296018404
 31
0.0
1001
PE_URL
1000
http://www.Architecture4design.com
1002
{
1000
http://www.Architecture4design.com
1002
{
1071
        1
1002
}
1002
}
  0
LINE
  5
2D3
330
2AE
100
AcDbEntity
  8
CEILING FAN-
370
    20
100
AcDbLine
 10
96.80222183698788
 20
131.680510627033
 30
0.0
 11
107.4214981715195
 21
160.6908574488043
 31
0.0
1001
PE_URL
1000
http://www.Architecture4design.com
1002
{
1000
http://www.Architecture4design.com
1002
{
1071
        1
1002
}
1002
}
  0
LINE
  5
2D4
330
2AE
100
AcDbEntity
  8
CEILING FAN-
370
    20
100
AcDbLine
 10
475.1397942206822
 20
340.0916087799997
 30
0.0
 11
496.1349584218115
 21
324.1295607946959
 31
0.0
1001
PE_URL
1000
http://www.Architecture4design.com
1002
{
1000
http://www.Architecture4design.com
1002
{
1071
        1
1002
}
1002
}
  0
LINE
  5
2D5
330
2AE
100
AcDbEntity
  8
CEILING FAN-
370
    20
100
AcDbLine
 10
448.8011972666718
 20
339.6829296018404
 30
0.0
 11
475.1397942206822
 21
340.0916087799997
 31
0.0
1001
PE_URL
1000
http://www.Architecture4design.com
1002
{
1000
http://www.Architecture4design.com
1002
{
1071
        1
1002
}
1002
}
  0
LINE
  5
2D6
330
2AE
100
AcDbEntity
  8
CEILING FAN-
370
    20
100
AcDbLine
 10
496.1349584218115
 20
324.1295607946959
 30
0.0
 11
519.615242365282
 21
300.000000037835
 31
0.0
1001
PE_URL
1000
http://www.Architecture4design.com
1002
{
1000
http://www.Architecture4design.com
1002
{
1071
        1
1002
}
1002
}
  0
LINE
  5
2D7
330
2AE
100
AcDbEntity
  8
CEILING FAN-
370
    20
100
AcDbLine
 10
519.615242365282
 20
300.000000037835
 30
0.0
 11
532.8142769550904
 21
265.5155013910116
 31
0.0
1001
PE_URL
1000
http://www.Architecture4design.com
1002
{
1000
http://www.Architecture4design.com
1002
{
1071
        1
1002
}
1002
}
  0
LINE
  5
2D8
330
2AE
100
AcDbEntity
  8
CEILING FAN-
370
    20
100
AcDbLine
 10
518.3631841470487
 20
218.7902117992635
 30
0.0
 11
192.93807579251
 21
12.07045678464055
 31
0.0
1001
PE_URL
1000
http://www.Architecture4design.com
1002
{
1000
http://www.Architecture4design.com
1002
{
1071
        1
1002
}
1002
}
  0
LINE
  5
2D9
330
2AE
100
AcDbEntity
  8
CEILING FAN-
370
    20
100
AcDbLine
 10
65.63755652401596
 20
-149.6734385297895
 30
0.0
 11
85.45161563437432
 21
-173.3751750205556
 31
0.0
1001
PE_URL
1000
http://www.Architecture4design.com
1002
{
1000
http://www.Architecture4design.com
1002
{
1071
        1
1002
}
1002
}
  0
LINE
  5
2DA
330
2AE
100
AcDbEntity
  8
CEILING FAN-
370
    20
100
AcDbLine
 10
160.9558784998953
 20
15.05557875140221
 30
0.0
 11
141.8752717324532
 21
27.69030249703792
 31
0.0
1001
PE_URL
1000
http://www.Architecture4design.com
1002
{
1000
http://www.Architecture4design.com
1002
{
1071
        1
1002
}
1002
}
  0
LINE
  5
2DB
330
2AE
100
AcDbEntity
  8
CEILING FAN-
370
    20
100
AcDbLine
 10
192.93807579251
 20
12.07045678464055
 30
0.0
 11
160.9558784998953
 21
15.05557875140221
 31
0.0
1001
PE_URL
1000
http://www.Architecture4design.com
1002
{
1000
http://www.Architecture4design.com
1002
{
1071
        1
1002
}
1002
}
  0
LINE
  5
2DC
330
2AE
100
AcDbEntity
  8
CEILING FAN-
370
    20
100
AcDbLine
 10
121.0829248204827
 20
54.84559292644553
 30
0.0
 11
93.60045673698186
 21
39.74769839386863
 31
0.0
1001
PE_URL
1000
http://www.Architecture4design.com
1002
{
1000
http://www.Architecture4design.com
1002
{
1071
        1
1002
}
1002
}
  0
LINE
  5
2DD
330
2AE
100
AcDbEntity
  8
CEILING FAN-
370
    20
100
AcDbLine
 10
80.83678608341143
 20
61.92985211066844
 30
0.0
 11
108.5545243900269
 21
77.90173145281733
 31
0.0
1001
PE_URL
1000
http://www.Architecture4design.com
1002
{
1000
http://www.Architecture4design.com
1002
{
1071
        1
1002
}
1002
}
  0
LINE
  5
2DE
330
2AE
100
AcDbEntity
  8
CEILING FAN-
370
    20
100
AcDbLine
 10
108.5545243900269
 20
77.90173145281733
 30
0.0
 11
102.1402428965084
 21
99.31205753436371
 31
0.0
1001
PE_URL
1000
http://www.Architecture4design.com
1002
{
1000
http://www.Architecture4design.com
1002
{
1071
        1
1002
}
1002
}
  0
LINE
  5
2DF
330
2AE
100
AcDbEntity
  8
CEILING FAN-
370
    20
100
AcDbLine
 10
141.8752717324532
 20
27.69030249703792
 30
0.0
 11
121.0829248204827
 21
54.84559292644553
 31
0.0
1001
PE_URL
1000
http://www.Architecture4design.com
1002
{
1000
http://www.Architecture4design.com
1002
{
1071
        1
1002
}
1002
}
  0
LINE
  5
2E0
330
2AE
100
AcDbEntity
  8
CEILING FAN-
370
    20
100
AcDbLine
 10
533.7526126471348
 20
244.6418875679956
 30
0.0
 11
518.3631841470487
 21
218.7902117992635
 31
0.0
1001
PE_URL
1000
http://www.Architecture4design.com
1002
{
1000
http://www.Architecture4design.com
1002
{
1071
        1
1002
}
1002
}
  0
CIRCLE
  5
2E1
330
2AE
100
AcDbEntity
  8
CEILING FAN-
 48
5.0
100
AcDbCircle
 10
2.954211613629013
 20
0.0000000043510227
 30
0.0
 40
599.9999999998999
  0
CIRCLE
  5
2E2
330
2AE
100
AcDbEntity
  8
CEILING FAN-
 62
     5
370
    20
100
AcDbCircle
 10
0.0000000004656613
 20
0.0
 30
0.0
 40
69.49681300043586
1001
PE_URL
1000
http://www.Architecture4design.com
1002
{
1000
http://www.Architecture4design.com
1002
{
1071
        1
1002
}
1002
}
  0
ENDBLK
  5
2E3
330
2AE
100
AcDbEntity
  8
CEILING FAN-
 48
3.0
100
AcDbBlockEnd
  0
ENDSEC
  0
SECTION
  2
ENTITIES
  0
INSERT
  5
27C
330
1F
100
AcDbEntity
  8
18W LED DOWNLIGHT
 48
5.0
100
AcDbBlockReference
 66
     1
  2
C-LIGHT
 10
111.3699336117565
 20
128.1124614362026
 30
0.0
 41
-33.33333333237187
 42
33.33333333237195
 43
33.33333333237195
 50
89.99956458338866
  0
SEQEND
  5
27D
330
27C
100
AcDbEntity
  8
0
 48
5.0
  0
INSERT
  5
2E9
330
1F
100
AcDbEntity
  8
CEILING FAN-
 48
3.0
100
AcDbBlockReference
 66
     1
  2
CEILING FAN
 10
1213.008624416926
 20
758.9243811065348
 30
0.0
 41
-1.0
 50
180.0
  0
SEQEND
  5
2EA
330
2E9
100
AcDbEntity
  8
0
 48
3.0
  0
ENDSEC
  0
SECTION
  2
OBJECTS
  0
DICTIONARY
  5
C
330
0
100
AcDbDictionary
281
     1
  3
ACAD_CIP_PREVIOUS_PRODUCT_INFO
350
19E
  3
ACAD_COLOR
350
6C
  3
ACAD_DATALINK
350
247
  3
ACAD_DETAILVIEWSTYLE
350
1EB
  3
ACAD_GROUP
350
D
  3
ACAD_LAYOUT
350
1A
  3
ACAD_MATERIAL
350
6B
  3
ACAD_MLEADERSTYLE
350
DE
  3
ACAD_MLINESTYLE
350
17
  3
ACAD_PLOTSETTINGS
350
19
  3
ACAD_PLOTSTYLENAME
350
E
  3
ACAD_SCALELIST
350
B7
  3
ACAD_SECTIONVIEWSTYLE
350
1E9
  3
ACAD_TABLESTYLE
350
92
  3
ACAD_VISUALSTYLE
350
17F
  3
ACDB_RECOMPOSE_DATA
350
2F1
  3
AcDbVariableDictionary
350
59
  3
ZCAD_FILE_TAG_INFO
350
25C
  0
DICTIONARY
  5
FA
330
2
100
AcDbDictionary
280
     1
281
     1
  3
ACAD_LAYERSTATES
360
FB
  0
XRECORD
  5
19E
102
{ACAD_REACTORS
330
C
102
}
330
C
100
AcDbXrecord
280
     1
300
ACD
300
2013
300
ACD_F_S
  0
DICTIONARY
  5
6C
102
{ACAD_REACTORS
330
C
102
}
330
C
100
AcDbDictionary
281
     1
  0
DICTIONARY
  5
247
102
{ACAD_REACTORS
330
C
102
}
330
C
100
AcDbDictionary
280
     1
281
     1
  0
DICTIONARY
  5
1EB
102
{ACAD_REACTORS
330
C
102
}
330
C
100
AcDbDictionary
281
     1
  3
Metric50
350
1EC
  0
DICTIONARY
  5
D
102
{ACAD_REACTORS
330
C
102
}
330
C
100
AcDbDictionary
281
     1
  0
DICTIONARY
  5
1A
102
{ACAD_REACTORS
330
C
102
}
330
C
100
AcDbDictionary
281
     1
  3
Layout1
350
1E0
  3
Layout2
350
1E4
  3
Model
350
22
  0
DICTIONARY
  5
6B
102
{ACAD_REACTORS
330
C
102
}
330
C
100
AcDbDictionary
281
     1
  3
ByBlock
350
16F
  3
ByLayer
350
167
  3
Global
350
177
  0
DICTIONARY
  5
DE
102
{ACAD_REACTORS
330
C
102
}
330
C
100
AcDbDictionary
281
     1
  3
Annotative
350
246
  3
Standard
350
E1
  0
DICTIONARY
  5
17
102
{ACAD_REACTORS
330
C
102
}
330
C
100
AcDbDictionary
281
     1
  3
Standard
350
18
  0
DICTIONARY
  5
19
102
{ACAD_REACTORS
330
C
102
}
330
C
100
AcDbDictionary
281
     1
  0
ACDBDICTIONARYWDFLT
  5
E
102
{ACAD_REACTORS
330
C
102
}
330
C
100
AcDbDictionary
281
     1
  3
Normal
350
F
100
AcDbDictionaryWithDefault
340
F
  0
DICTIONARY
  5
B7
102
{ACAD_REACTORS
330
C
102
}
330
C
100
AcDbDictionary
281
     1
  3
A0
350
B8
  3
A1
350
229
  3
A2
350
22A
  3
A3
350
22B
  3
A4
350
22C
  3
A5
350
22D
  3
A6
350
22E
  3
A7
350
22F
  3
A8
350
230
  3
A9
350
231
  3
B0
350
232
  3
B1
350
233
  3
B2
350
234
  3
B3
350
235
  3
B4
350
236
  3
B5
350
237
  3
B6
350
238
  0
DICTIONARY
  5
1E9
102
{ACAD_REACTORS
330
C
102
}
330
C
100
AcDbDictionary
281
     1
  3
Metric50
350
1EA
  0
DICTIONARY
  5
92
102
{ACAD_REACTORS
330
C
102
}
330
C
100
AcDbDictionary
281
     1
  3
Standard
350
93
  0
DICTIONARY
  5
17F
102
{ACAD_REACTORS
330
C
102
}
330
C
100
AcDbDictionary
281
     1
  3
2dWireframe
350
185
  3
Basic
350
184
  3
Brighten
350
18B
  3
ColorChange
350
18F
  3
Conceptual
350
188
  3
Dim
350
18A
  3
EdgeColorOff
350
197
  3
Facepattern
350
18E
  3
Flat
350
180
  3
FlatWithEdges
350
181
  3
Gouraud
350
182
  3
GouraudWithEdges
350
183
  3
Hidden
350
187
  3
JitterOff
350
195
  3
Linepattern
350
18D
  3
OverhangOff
350
196
  3
Realistic
350
189
  3
Shaded
350
194
  3
Shaded with edges
350
193
  3
Shades of Gray
350
190
  3
Sketchy
350
191
  3
Thicken
350
18C
  3
Wireframe
350
186
  3
X-Ray
350
192
  0
XRECORD
  5
2F1
102
{ACAD_REACTORS
330
C
102
}
330
C
100
AcDbXrecord
280
     1
 90
        1
330
93
  0
DICTIONARY
  5
59
102
{ACAD_REACTORS
330
C
102
}
330
C
100
AcDbDictionary
281
     1
  3
CANNOSCALE
350
DD
  3
CMLEADERSTYLE
350
E9
  3
CTABLESTYLE
350
98
  3
CVIEWDETAILSTYLE
350
209
  3
CVIEWSECTIONSTYLE
350
20A
  3
DGNFRAME
350
24D
  3
DIMASSOC
350
43
  3
DWFFRAME
350
24C
  3
HIDETEXT
350
5E
  3
PROJECTNAME
350
B6
  3
XCLIPFRAME
350
E2
  0
DICTIONARY
  5
25C
102
{ACAD_REACTORS
330
C
102
}
330
C
100
AcDbDictionary
281
     1
  3
ZCAD_FILE_TAG_DATA
350
25D
  0
DICTIONARY
  5
FB
102
{ACAD_REACTORS
330
FA
102
}
330
FA
100
AcDbDictionary
281
     1
  0
ACDBDETAILVIEWSTYLE
  5
1EC
102
{ACAD_REACTORS
330
1EB
102
}
330
1EB
100
AcDbModelDocViewStyle
 70
     0
  3
Metric50
290
     1
300
Metric50
 90
        0
100
AcDbDetailViewStyle
 70
     0
 71
     0
 90
        7
 71
     1
340
11
 62
   256
 40
5.0
340
0
 62
   256
 40
5.0
300

 40
0.0
280
     1
 71
     2
340
16
 90
       25
 62
   256
 71
     3
340
11
 62
   256
 40
5.0
 90
        0
 40
15.0
 90
        1
300
%<\AcVar ViewDetailId>% (%<\AcVar ViewScale \f "%sn">%)
 71
     4
340
16
 90
       25
 62
   256
340
16
 90
       25
 62
   256
280
     0
1001
DetailViewStyle
1005
16
1070
    25
1004
1800000002000000000000C0000000000000000000000000
1040
15.0
1040
10.0
1070
     0
1070
     0
1070
     0
1070
     0
1070
     2
  0
LAYOUT
  5
1E0
102
{ACAD_REACTORS
330
1A
102
}
330
1A
100
AcDbPlotSettings
  1

  2
ZWCAD Virtual Eps Plotter 1.0#:4
  4

  6

 40
0.0
 41
0.0
 42
0.0
 43
0.0
 44
0.0
 45
0.0
 46
0.0
 47
0.0
 48
0.0
 49
0.0
140
0.0
141
0.0
142
1.0
143
1.0
 70
   688
 72
     0
 73
     0
 74
     5
  7

 75
    16
 76
     0
 77
     2
 78
   300
147
1.0
148
0.0
149
0.0
100
AcDbLayout
  1
Layout1
 70
     1
 71
     1
 10
0.0
 20
0.0
 11
12.0
 21
9.0
 12
0.0
 22
0.0
 32
0.0
 14
0.0
 24
0.0
 34
0.0
 15
0.0
 25
0.0
 35
0.0
146
0.0
 13
0.0
 23
0.0
 33
0.0
 16
1.0
 26
0.0
 36
0.0
 17
0.0
 27
1.0
 37
0.0
 76
     0
330
1DF
  0
LAYOUT
  5
1E4
102
{ACAD_REACTORS
330
1A
102
}
330
1A
100
AcDbPlotSettings
  1

  2
ZWCAD Virtual Eps Plotter 1.0#:4
  4

  6

 40
0.0
 41
0.0
 42
0.0
 43
0.0
 44
0.0
 45
0.0
 46
0.0
 47
0.0
 48
0.0
 49
0.0
140
0.0
141
0.0
142
1.0
143
1.0
 70
   688
 72
     0
 73
     0
 74
     5
  7

 75
    16
 76
     0
 77
     2
 78
   300
147
1.0
148
0.0
149
0.0
100
AcDbLayout
  1
Layout2
 70
     1
 71
     2
 10
0.0
 20
0.0
 11
12.0
 21
9.0
 12
0.0
 22
0.0
 32
0.0
 14
0.0
 24
0.0
 34
0.0
 15
0.0
 25
0.0
 35
0.0
146
0.0
 13
0.0
 23
0.0
 33
0.0
 16
1.0
 26
0.0
 36
0.0
 17
0.0
 27
1.0
 37
0.0
 76
     0
330
1E3
  0
LAYOUT
  5
22
102
{ACAD_REACTORS
330
1A
102
}
330
1A
100
AcDbPlotSettings
  1

  2
none_device
  4
ISO_A4_(210.00_x_297.00MM)
  6

 40
7.5
 41
20.0
 42
7.5
 43
20.0
 44
210.0
 45
297.0
 46
0.0
 47
93.24890429069768
 48
0.0
 49
0.0
140
0.0
141
0.0
142
1.0
143
5.333922030356135
 70
 11445
 72
     1
 73
     0
 74
     0
  7

 75
     0
 76
     0
 77
     2
 78
   300
147
0.1874793059045207
148
84.95211750282676
149
-33.53116226043312
100
AcDbLayout
  1
Model
 70
     1
 71
     0
 10
0.0
 20
0.0
 11
420.0
 21
297.0
 12
0.0
 22
0.0
 32
0.0
 14
1.000000000000000E+20
 24
1.000000000000000E+20
 34
1.000000000000000E+20
 15
-1.000000000000000E+20
 25
-1.000000000000000E+20
 35
-1.000000000000000E+20
146
0.0
 13
0.0
 23
0.0
 33
0.0
 16
1.0
 26
0.0
 36
0.0
 17
0.0
 27
1.0
 37
0.0
 76
     0
330
1F
331
1CC
1001
ACAD_PSEXT
1000
None
1000
None
1000
Not applicable
1000
Select a new plotter configuration name to plot the layout.
1070
     0
  0
MATERIAL
  5
16F
102
{ACAD_REACTORS
330
6B
102
}
330
6B
100
AcDbMaterial
  1
ByBlock
 72
     0
 73
     2
 43
0.0008202099737533
 43
0.0
 43
0.0
 43
0.0
 43
0.0
 43
0.0008202099737533
 43
0.0
 43
0.0
 43
0.0
 43
0.0
 43
1.0
 43
0.0
 43
0.0
 43
0.0
 43
0.0
 43
1.0
 77
     0
 78
     2
 47
0.0008202099737533
 47
0.0
 47
0.0
 47
0.0
 47
0.0
 47
0.0008202099737533
 47
0.0
 47
0.0
 47
0.0
 47
0.0
 47
1.0
 47
0.0
 47
0.0
 47
0.0
 47
0.0
 47
1.0
171
     0
172
     2
 49
0.0008202099737533
 49
0.0
 49
0.0
 49
0.0
 49
0.0
 49
0.0008202099737533
 49
0.0
 49
0.0
 49
0.0
 49
0.0
 49
1.0
 49
0.0
 49
0.0
 49
0.0
 49
0.0
 49
1.0
175
     0
176
     2
142
0.0008202099737533
142
0.0
142
0.0
142
0.0
142
0.0
142
0.0008202099737533
142
0.0
142
0.0
142
0.0
142
0.0
142
1.0
142
0.0
142
0.0
142
0.0
142
0.0
142
1.0
179
     0
270
     2
144
0.0008202099737533
144
0.0
144
0.0
144
0.0
144
0.0
144
0.0008202099737533
144
0.0
144
0.0
144
0.0
144
0.0
144
1.0
144
0.0
144
0.0
144
0.0
144
0.0
144
1.0
274
     2
147
0.0008202099737533
147
0.0
147
0.0
147
0.0
147
0.0
147
0.0008202099737533
147
0.0
147
0.0
147
0.0
147
0.0
147
1.0
147
0.0
147
0.0
147
0.0
147
0.0
147
1.0
 94
      127
  0
MATERIAL
  5
167
102
{ACAD_REACTORS
330
6B
102
}
330
6B
100
AcDbMaterial
  1
ByLayer
 72
     0
 73
     2
 43
0.0008202099737533
 43
0.0
 43
0.0
 43
0.0
 43
0.0
 43
0.0008202099737533
 43
0.0
 43
0.0
 43
0.0
 43
0.0
 43
1.0
 43
0.0
 43
0.0
 43
0.0
 43
0.0
 43
1.0
 77
     0
 78
     2
 47
0.0008202099737533
 47
0.0
 47
0.0
 47
0.0
 47
0.0
 47
0.0008202099737533
 47
0.0
 47
0.0
 47
0.0
 47
0.0
 47
1.0
 47
0.0
 47
0.0
 47
0.0
 47
0.0
 47
1.0
171
     0
172
     2
 49
0.0008202099737533
 49
0.0
 49
0.0
 49
0.0
 49
0.0
 49
0.0008202099737533
 49
0.0
 49
0.0
 49
0.0
 49
0.0
 49
1.0
 49
0.0
 49
0.0
 49
0.0
 49
0.0
 49
1.0
175
     0
176
     2
142
0.0008202099737533
142
0.0
142
0.0
142
0.0
142
0.0
142
0.0008202099737533
142
0.0
142
0.0
142
0.0
142
0.0
142
1.0
142
0.0
142
0.0
142
0.0
142
0.0
142
1.0
179
     0
270
     2
144
0.0008202099737533
144
0.0
144
0.0
144
0.0
144
0.0
144
0.0008202099737533
144
0.0
144
0.0
144
0.0
144
0.0
144
1.0
144
0.0
144
0.0
144
0.0
144
0.0
144
1.0
274
     2
147
0.0008202099737533
147
0.0
147
0.0
147
0.0
147
0.0
147
0.0008202099737533
147
0.0
147
0.0
147
0.0
147
0.0
147
1.0
147
0.0
147
0.0
147
0.0
147
0.0
147
1.0
 94
      127
  0
MATERIAL
  5
177
102
{ACAD_REACTORS
330
6B
102
}
330
6B
100
AcDbMaterial
  1
Global
 72
     0
 73
     2
 43
0.0008202099737533
 43
0.0
 43
0.0
 43
0.0
 43
0.0
 43
0.0008202099737533
 43
0.0
 43
0.0
 43
0.0
 43
0.0
 43
1.0
 43
0.0
 43
0.0
 43
0.0
 43
0.0
 43
1.0
 77
     0
 78
     2
 47
0.0008202099737533
 47
0.0
 47
0.0
 47
0.0
 47
0.0
 47
0.0008202099737533
 47
0.0
 47
0.0
 47
0.0
 47
0.0
 47
1.0
 47
0.0
 47
0.0
 47
0.0
 47
0.0
 47
1.0
171
     0
172
     2
 49
0.0008202099737533
 49
0.0
 49
0.0
 49
0.0
 49
0.0
 49
0.0008202099737533
 49
0.0
 49
0.0
 49
0.0
 49
0.0
 49
1.0
 49
0.0
 49
0.0
 49
0.0
 49
0.0
 49
1.0
175
     0
176
     2
142
0.0008202099737533
142
0.0
142
0.0
142
0.0
142
0.0
142
0.0008202099737533
142
0.0
142
0.0
142
0.0
142
0.0
142
1.0
142
0.0
142
0.0
142
0.0
142
0.0
142
1.0
179
     0
270
     2
144
0.0008202099737533
144
0.0
144
0.0
144
0.0
144
0.0
144
0.0008202099737533
144
0.0
144
0.0
144
0.0
144
0.0
144
1.0
144
0.0
144
0.0
144
0.0
144
0.0
144
1.0
274
     2
147
0.0008202099737533
147
0.0
147
0.0
147
0.0
147
0.0
147
0.0008202099737533
147
0.0
147
0.0
147
0.0
147
0.0
147
1.0
147
0.0
147
0.0
147
0.0
147
0.0
147
1.0
 94
      127
  0
MLEADERSTYLE
  5
246
102
{ACAD_REACTORS
330
DE
102
}
330
DE
100
AcDbMLeaderStyle
179
     2
170
     2
171
     1
172
     0
 90
        2
 40
0.0
 41
0.0
173
     1
 91
-1056964608
340
14
 92
       -2
290
     1
 42
2.0
291
     1
 43
8.0
  3
Standard
 44
4.0
300

342
11
174
     1
178
     1
175
     1
176
     0
 93
-1056964608
 45
4.0
292
     0
297
     0
 46
0.18
 94
-1056964608
 47
1.0
 49
1.0
140
1.0
293
     1
141
0.0
294
     1
177
     0
142
1.0
295
     1
296
     1
143
3.75
271
     0
272
     9
273
     9
298
     0
  0
MLEADERSTYLE
  5
E1
102
{ACAD_REACTORS
330
DE
102
}
330
DE
100
AcDbMLeaderStyle
179
     2
170
     2
171
     1
172
     0
 90
        2
 40
0.0
 41
0.0
173
     1
 91
-1056964608
340
14
 92
       -2
290
     1
 42
2.0
291
     1
 43
8.0
  3
Standard
 44
4.0
300

342
11
174
     1
178
     1
175
     1
176
     0
 93
-1056964608
 45
4.0
292
     0
297
     0
 46
0.18
 94
-1056964608
 47
1.0
 49
1.0
140
1.0
293
     1
141
0.0
294
     1
177
     0
142
1.0
295
     0
296
     0
143
3.75
271
     0
272
     9
273
     9
298
     0
  0
MLINESTYLE
  5
18
102
{ACAD_REACTORS
330
17
102
}
330
17
100
AcDbMlineStyle
  2
STANDARD
 70
     0
  3

 62
   256
 51
90.0
 52
90.0
 71
     2
 49
0.5
 62
   256
  6
BYLAYER
 49
-0.5
 62
   256
  6
BYLAYER
  0
ACDBPLACEHOLDER
  5
F
102
{ACAD_REACTORS
330
E
102
}
330
E
  0
SCALE
  5
B8
102
{ACAD_REACTORS
330
B7
102
}
330
B7
100
AcDbScale
 70
     0
300
1:1
140
1.0
141
1.0
290
     1
  0
SCALE
  5
229
102
{ACAD_REACTORS
330
B7
102
}
330
B7
100
AcDbScale
 70
     0
300
1:2
140
1.0
141
2.0
290
     0
  0
SCALE
  5
22A
102
{ACAD_REACTORS
330
B7
102
}
330
B7
100
AcDbScale
 70
     0
300
1:4
140
1.0
141
4.0
290
     0
  0
SCALE
  5
22B
102
{ACAD_REACTORS
330
B7
102
}
330
B7
100
AcDbScale
 70
     0
300
1:5
140
1.0
141
5.0
290
     0
  0
SCALE
  5
22C
102
{ACAD_REACTORS
330
B7
102
}
330
B7
100
AcDbScale
 70
     0
300
1:8
140
1.0
141
8.0
290
     0
  0
SCALE
  5
22D
102
{ACAD_REACTORS
330
B7
102
}
330
B7
100
AcDbScale
 70
     0
300
1:10
140
1.0
141
10.0
290
     0
  0
SCALE
  5
22E
102
{ACAD_REACTORS
330
B7
102
}
330
B7
100
AcDbScale
 70
     0
300
1:16
140
1.0
141
16.0
290
     0
  0
SCALE
  5
22F
102
{ACAD_REACTORS
330
B7
102
}
330
B7
100
AcDbScale
 70
     0
300
1:20
140
1.0
141
20.0
290
     0
  0
SCALE
  5
230
102
{ACAD_REACTORS
330
B7
102
}
330
B7
100
AcDbScale
 70
     0
300
1:30
140
1.0
141
30.0
290
     0
  0
SCALE
  5
231
102
{ACAD_REACTORS
330
B7
102
}
330
B7
100
AcDbScale
 70
     0
300
1:40
140
1.0
141
40.0
290
     0
  0
SCALE
  5
232
102
{ACAD_REACTORS
330
B7
102
}
330
B7
100
AcDbScale
 70
     0
300
1:50
140
1.0
141
50.0
290
     0
  0
SCALE
  5
233
102
{ACAD_REACTORS
330
B7
102
}
330
B7
100
AcDbScale
 70
     0
300
1:100
140
1.0
141
100.0
290
     0
  0
SCALE
  5
234
102
{ACAD_REACTORS
330
B7
102
}
330
B7
100
AcDbScale
 70
     0
300
2:1
140
2.0
141
1.0
290
     0
  0
SCALE
  5
235
102
{ACAD_REACTORS
330
B7
102
}
330
B7
100
AcDbScale
 70
     0
300
4:1
140
4.0
141
1.0
290
     0
  0
SCALE
  5
236
102
{ACAD_REACTORS
330
B7
102
}
330
B7
100
AcDbScale
 70
     0
300
8:1
140
8.0
141
1.0
290
     0
  0
SCALE
  5
237
102
{ACAD_REACTORS
330
B7
102
}
330
B7
100
AcDbScale
 70
     0
300
10:1
140
10.0
141
1.0
290
     0
  0
SCALE
  5
238
102
{ACAD_REACTORS
330
B7
102
}
330
B7
100
AcDbScale
 70
     0
300
100:1
140
100.0
141
1.0
290
     0
  0
ACDBSECTIONVIEWSTYLE
  5
1EA
102
{ACAD_REACTORS
330
1E9
102
}
330
1E9
100
AcDbModelDocViewStyle
 70
     0
  3
Metric50
290
     1
300
Metric50
 90
        0
100
AcDbSectionViewStyle
 70
     0
 71
     0
 90
      230
 71
     1
340
11
 62
   256
 40
5.0
340
0
340
0
 62
   256
 40
5.0
300
I, O, Q, S, X, Z
 40
10.0
 90
        0
 40
2.5
 90
        0
 71
     2
340
16
 90
       25
 62
   256
340
16
 90
       50
 62
   256
 40
5.0
 40
2.5
 40
5.0
 71
     3
340
11
 62
   256
 40
5.0
 90
        0
 40
15.0
 90
        1
300
%<\AcVar ViewSectionStartId>%-%<\AcVar ViewSectionEndId>% (%<\AcVar ViewScale \f "%sn">%)
 71
     4
 62
   256
 62
   257
300
ANSI31
 40
1.0
 90
        0
290
     0
290
     0
 90
        6
 40
0.0
 40
1.570796326794896
 40
0.2617993877991494
 40
1.308996938995747
 40
-0.2617993877991494
 40
1.832595714594046
1001
SectionViewStyle
1005
16
1070
    25
1070
     0
1070
     1
1070
     0
1070
     0
1070
     2
1040
0.0
1005
16
1070
    25
1070
     1
  0
TABLESTYLE
  5
93
102
{ACAD_XDICTIONARY
360
249
102
}
102
{ACAD_REACTORS
330
92
102
}
330
92
100
AcDbTableStyle
280
     0
  3
Standard
 70
     0
 71
     0
 40
1.5
 41
1.5
280
     0
281
     0
  7
Standard
140
4.5
170
     2
 62
     0
 63
     7
283
     0
 90
      512
 91
        0
  1

274
    -2
284
     1
 64
     0
275
    -2
285
     1
 65
     0
276
    -2
286
     1
 66
     0
277
    -2
287
     1
 67
     0
278
    -2
288
     1
 68
     0
279
    -2
289
     1
 69
     0
  7
Standard
140
6.0
170
     5
 62
     0
 63
     7
283
     0
 90
      512
 91
        0
  1

274
    -2
284
     1
 64
     0
275
    -2
285
     1
 65
     0
276
    -2
286
     1
 66
     0
277
    -2
287
     1
 67
     0
278
    -2
288
     1
 68
     0
279
    -2
289
     1
 69
     0
  7
Standard
140
4.5
170
     5
 62
     0
 63
     7
283
     0
 90
      512
 91
        0
  1

274
    -2
284
     1
 64
     0
275
    -2
285
     1
 65
     0
276
    -2
286
     1
 66
     0
277
    -2
287
     1
 67
     0
278
    -2
288
     1
 68
     0
279
    -2
289
     1
 69
     0
1001
ACAD
1000
AcRTDxfName
1000
TABLESTYLE
  0
VISUALSTYLE
  5
185
102
{ACAD_REACTORS
330
17F
102
}
330
17F
100
AcDbVisualStyle
  2
2dWireframe
 70
     4
177
     3
291
     0
 70
    58
 90
        0
176
     1
 90
        2
176
     1
 90
        0
176
     1
 90
        0
176
     1
 40
0.6
176
     1
 40
30.0
176
     1
 62
     7
420
 16777215
176
     1
 90
        1
176
     1
 90
        4
176
     1
 62
     7
176
     1
 62
   257
176
     1
 90
        1
176
     1
 90
        1
176
     1
 40
1.0
176
     1
 90
        0
176
     1
 62
   257
176
     1
 40
1.0
176
     1
 90
        1
176
     1
 90
        6
176
     1
 90
        2
176
     1
 62
     7
176
     1
 90
        5
176
     1
 90
        0
176
     1
 90
        0
176
     1
290
     0
176
     1
 90
        1
176
     1
 40
0.0
176
     1
 90
        0
176
     1
290
     1
176
     1
290
     1
176
     1
290
     0
176
     1
290
     0
176
     1
290
     0
176
     1
290
     0
176
     1
290
     0
176
     1
290
     0
176
     1
290
     0
176
     1
 90
       50
176
     1
 40
0.0
176
     1
 40
1.0
176
     1
 90
        0
176
     1
 62
    18
420
        0
176
     1
 90
       50
176
     1
 90
        3
176
     1
 62
     5
420
      255
176
     1
290
     0
176
     1
 90
       50
176
     1
 90
       50
176
     1
 90
       50
176
     1
290
     0
176
     1
 90
       50
176
     1
 62
   256
176
     0
 40
1.0
176
     0
 90
        0
176
     1
  1
strokes_ogs.tif
176
     1
290
     0
176
     1
 40
1.0
176
     1
 40
1.0
176
     1
  0
VISUALSTYLE
  5
184
102
{ACAD_REACTORS
330
17F
102
}
330
17F
100
AcDbVisualStyle
  2
Basic
 70
     7
177
     3
291
     1
 70
    58
 90
        1
176
     1
 90
        0
176
     1
 90
        1
176
     1
 90
        0
176
     1
 40
0.6
176
     1
 40
30.0
176
     1
 62
     7
420
 16777215
176
     1
 90
        0
176
     1
 90
        4
176
     1
 62
     7
176
     1
 62
   257
176
     1
 90
        1
176
     1
 90
        1
176
     1
 40
1.0
176
     1
 90
        8
176
     1
 62
     7
176
     1
 40
1.0
176
     1
 90
        1
176
     1
 90
        6
176
     1
 90
        2
176
     1
 62
     7
176
     1
 90
        5
176
     1
 90
        0
176
     1
 90
        0
176
     1
290
     0
176
     1
 90
        1
176
     1
 40
0.0
176
     1
 90
        0
176
     1
290
     0
176
     1
290
     1
176
     1
290
     1
176
     1
290
     0
176
     1
290
     0
176
     1
290
     0
176
     1
290
     0
176
     1
290
     0
176
     1
290
     0
176
     1
 90
       50
176
     1
 40
0.0
176
     1
 40
1.0
176
     1
 90
        0
176
     1
 62
    18
420
        0
176
     1
 90
       50
176
     1
 90
        3
176
     1
 62
     5
420
      255
176
     1
290
     0
176
     1
 90
       50
176
     1
 90
       50
176
     1
 90
       50
176
     1
290
     0
176
     1
 90
       50
176
     1
 62
   256
176
     0
 40
1.0
176
     0
 90
        0
176
     1
  1
strokes_ogs.tif
176
     1
290
     0
176
     1
 40
1.0
176
     1
 40
1.0
176
     1
  0
VISUALSTYLE
  5
18B
102
{ACAD_REACTORS
330
17F
102
}
330
17F
100
AcDbVisualStyle
  2
Brighten
 70
    12
177
     3
291
     1
 70
    58
 90
        2
176
     1
 90
        2
176
     1
 90
        0
176
     1
 90
        0
176
     1
 40
0.6
176
     1
 40
30.0
176
     1
 62
     7
420
 16777215
176
     1
 90
        1
176
     1
 90
        4
176
     1
 62
     7
176
     1
 62
   257
176
     1
 90
        1
176
     1
 90
        1
176
     1
 40
1.0
176
     1
 90
        8
176
     1
 62
     7
176
     1
 40
1.0
176
     1
 90
        1
176
     1
 90
        6
176
     1
 90
        2
176
     1
 62
     7
176
     1
 90
        5
176
     1
 90
        0
176
     1
 90
        0
176
     1
290
     0
176
     1
 90
        1
176
     1
 40
50.0
176
     1
 90
        0
176
     1
290
     0
176
     1
290
     1
176
     1
290
     1
176
     1
290
     0
176
     1
290
     0
176
     1
290
     0
176
     1
290
     0
176
     1
290
     0
176
     1
290
     0
176
     1
 90
       50
176
     1
 40
0.0
176
     1
 40
1.0
176
     1
 90
        0
176
     1
 62
    18
420
        0
176
     1
 90
       50
176
     1
 90
        3
176
     1
 62
     5
420
      255
176
     1
290
     0
176
     1
 90
       50
176
     1
 90
       50
176
     1
 90
       50
176
     1
290
     0
176
     1
 90
       50
176
     1
 62
   256
176
     0
 40
1.0
176
     0
 90
        0
176
     1
  1
strokes_ogs.tif
176
     1
290
     0
176
     1
 40
1.0
176
     1
 40
1.0
176
     1
  0
VISUALSTYLE
  5
18F
102
{ACAD_REACTORS
330
17F
102
}
330
17F
100
AcDbVisualStyle
  2
ColorChange
 70
    16
177
     3
291
     1
 70
    58
 90
        2
176
     1
 90
        2
176
     1
 90
        3
176
     1
 90
        0
176
     1
 40
0.6
176
     1
 40
30.0
176
     1
 62
     8
420
  8421504
176
     1
 90
        1
176
     1
 90
        4
176
     1
 62
     7
176
     1
 62
   257
176
     1
 90
        1
176
     1
 90
        1
176
     1
 40
1.0
176
     1
 90
        8
176
     1
 62
     8
420
  8421504
176
     1
 40
1.0
176
     1
 90
        1
176
     1
 90
        6
176
     1
 90
        2
176
     1
 62
     7
176
     1
 90
        5
176
     1
 90
        0
176
     1
 90
        0
176
     1
290
     0
176
     1
 90
        1
176
     1
 40
0.0
176
     1
 90
        0
176
     1
290
     0
176
     1
290
     1
176
     1
290
     1
176
     1
290
     0
176
     1
290
     0
176
     1
290
     0
176
     1
290
     0
176
     1
290
     0
176
     1
290
     0
176
     1
 90
       50
176
     1
 40
0.0
176
     1
 40
1.0
176
     1
 90
        0
176
     1
 62
    18
420
        0
176
     1
 90
       50
176
     1
 90
        3
176
     1
 62
     5
420
      255
176
     1
290
     0
176
     1
 90
       50
176
     1
 90
       50
176
     1
 90
       50
176
     1
290
     0
176
     1
 90
       50
176
     1
 62
   256
176
     0
 40
1.0
176
     0
 90
        0
176
     1
  1
strokes_ogs.tif
176
     1
290
     0
176
     1
 40
1.0
176
     1
 40
1.0
176
     1
  0
VISUALSTYLE
  5
188
102
{ACAD_REACTORS
330
17F
102
}
330
17F
100
AcDbVisualStyle
  2
Conceptual
 70
     9
177
     3
291
     0
 70
    58
 90
        3
176
     1
 90
        2
176
     1
 90
        0
176
     1
 90
        0
176
     1
 40
0.6
176
     1
 40
30.0
176
     1
 62
     7
420
 16777215
176
     1
 90
        2
176
     1
 90
        2
176
     1
 62
     7
176
     1
 62
   257
176
     1
 90
        1
176
     1
 90
        1
176
     1
 40
179.0
176
     1
 90
        8
176
     1
 62
     7
176
     1
 40
1.0
176
     1
 90
        1
176
     1
 90
        6
176
     1
 90
        2
176
     1
 62
     7
176
     1
 90
        3
176
     1
 90
        0
176
     1
 90
        0
176
     1
290
     0
176
     1
 90
        1
176
     1
 40
0.0
176
     1
 90
        0
176
     1
290
     0
176
     1
290
     1
176
     1
290
     1
176
     1
290
     0
176
     1
290
     0
176
     1
290
     0
176
     1
290
     0
176
     1
290
     0
176
     1
290
     0
176
     1
 90
       50
176
     1
 40
0.0
176
     1
 40
1.0
176
     1
 90
        0
176
     1
 62
    18
420
        0
176
     1
 90
       50
176
     1
 90
        3
176
     1
 62
     5
420
      255
176
     1
290
     0
176
     1
 90
       50
176
     1
 90
       50
176
     1
 90
       50
176
     1
290
     0
176
     1
 90
       50
176
     1
 62
   256
176
     0
 40
1.0
176
     0
 90
        0
176
     1
  1
strokes_ogs.tif
176
     1
290
     0
176
     1
 40
1.0
176
     1
 40
1.0
176
     1
  0
VISUALSTYLE
  5
18A
102
{ACAD_REACTORS
330
17F
102
}
330
17F
100
AcDbVisualStyle
  2
Dim
 70
    11
177
     3
291
     1
 70
    58
 90
        2
176
     1
 90
        2
176
     1
 90
        0
176
     1
 90
        0
176
     1
 40
0.6
176
     1
 40
30.0
176
     1
 62
     7
420
 16777215
176
     1
 90
        1
176
     1
 90
        4
176
     1
 62
     7
176
     1
 62
   257
176
     1
 90
        1
176
     1
 90
        1
176
     1
 40
1.0
176
     1
 90
        8
176
     1
 62
     7
176
     1
 40
1.0
176
     1
 90
        1
176
     1
 90
        6
176
     1
 90
        2
176
     1
 62
     7
176
     1
 90
        5
176
     1
 90
        0
176
     1
 90
        0
176
     1
290
     0
176
     1
 90
        1
176
     1
 40
-50.0
176
     1
 90
        0
176
     1
290
     0
176
     1
290
     1
176
     1
290
     1
176
     1
290
     0
176
     1
290
     0
176
     1
290
     0
176
     1
290
     0
176
     1
290
     0
176
     1
290
     0
176
     1
 90
       50
176
     1
 40
0.0
176
     1
 40
1.0
176
     1
 90
        0
176
     1
 62
    18
420
        0
176
     1
 90
       50
176
     1
 90
        3
176
     1
 62
     5
420
      255
176
     1
290
     0
176
     1
 90
       50
176
     1
 90
       50
176
     1
 90
       50
176
     1
290
     0
176
     1
 90
       50
176
     1
 62
   256
176
     0
 40
1.0
176
     0
 90
        0
176
     1
  1
strokes_ogs.tif
176
     1
290
     0
176
     1
 40
1.0
176
     1
 40
1.0
176
     1
  0
VISUALSTYLE
  5
197
102
{ACAD_REACTORS
330
17F
102
}
330
17F
100
AcDbVisualStyle
  2
EdgeColorOff
 70
    22
177
     3
291
     1
 70
    58
 90
        2
176
     0
 90
        2
176
     0
 90
        0
176
     0
 90
        0
176
     0
 40
0.6
176
     0
 40
30.0
176
     0
 62
     7
420
 16777215
176
     0
 90
        1
176
     0
 90
        4
176
     0
 62
     7
176
     0
 62
   257
176
     0
 90
        1
176
     0
 90
        1
176
     0
 40
1.0
176
     0
 90
        8
176
     2
 62
     7
176
     0
 40
1.0
176
     0
 90
        1
176
     0
 90
        6
176
     0
 90
        2
176
     0
 62
     7
176
     0
 90
        5
176
     0
 90
        0
176
     0
 90
        0
176
     0
290
     0
176
     0
 90
        1
176
     0
 40
0.0
176
     0
 90
        0
176
     0
290
     0
176
     1
290
     1
176
     1
290
     1
176
     1
290
     0
176
     1
290
     0
176
     1
290
     0
176
     1
290
     0
176
     1
290
     0
176
     1
290
     0
176
     1
 90
       50
176
     1
 40
0.0
176
     1
 40
1.0
176
     1
 90
        0
176
     1
 62
    18
420
        0
176
     1
 90
       50
176
     1
 90
        3
176
     1
 62
     5
420
      255
176
     1
290
     0
176
     1
 90
       50
176
     1
 90
       50
176
     1
 90
       50
176
     1
290
     0
176
     1
 90
       50
176
     1
 62
   256
176
     0
 40
1.0
176
     0
 90
        0
176
     1
  1
strokes_ogs.tif
176
     1
290
     0
176
     1
 40
1.0
176
     1
 40
1.0
176
     1
  0
VISUALSTYLE
  5
18E
102
{ACAD_REACTORS
330
17F
102
}
330
17F
100
AcDbVisualStyle
  2
Facepattern
 70
    15
177
     3
291
     1
 70
    58
 90
        2
176
     1
 90
        2
176
     1
 90
        0
176
     1
 90
        0
176
     1
 40
0.6
176
     1
 40
30.0
176
     1
 62
     7
420
 16777215
176
     1
 90
        1
176
     1
 90
        4
176
     1
 62
     7
176
     1
 62
   257
176
     1
 90
        1
176
     1
 90
        1
176
     1
 40
1.0
176
     1
 90
        8
176
     1
 62
     7
176
     1
 40
1.0
176
     1
 90
        1
176
     1
 90
        6
176
     1
 90
        2
176
     1
 62
     7
176
     1
 90
        5
176
     1
 90
        0
176
     1
 90
        0
176
     1
290
     0
176
     1
 90
        1
176
     1
 40
0.0
176
     1
 90
        0
176
     1
290
     0
176
     1
290
     1
176
     1
290
     1
176
     1
290
     0
176
     1
290
     0
176
     1
290
     0
176
     1
290
     0
176
     1
290
     0
176
     1
290
     0
176
     1
 90
       50
176
     1
 40
0.0
176
     1
 40
1.0
176
     1
 90
        0
176
     1
 62
    18
420
        0
176
     1
 90
       50
176
     1
 90
        3
176
     1
 62
     5
420
      255
176
     1
290
     0
176
     1
 90
       50
176
     1
 90
       50
176
     1
 90
       50
176
     1
290
     0
176
     1
 90
       50
176
     1
 62
   256
176
     0
 40
1.0
176
     0
 90
        0
176
     1
  1
strokes_ogs.tif
176
     1
290
     0
176
     1
 40
1.0
176
     1
 40
1.0
176
     1
  0
VISUALSTYLE
  5
180
102
{ACAD_REACTORS
330
17F
102
}
330
17F
100
AcDbVisualStyle
  2
Flat
 70
     0
177
     3
291
     1
 70
    58
 90
        2
176
     1
 90
        1
176
     1
 90
        1
176
     1
 90
        2
176
     1
 40
0.6
176
     1
 40
30.0
176
     1
 62
     7
420
 16777215
176
     1
 90
        0
176
     1
 90
        0
176
     1
 62
     7
176
     1
 62
   257
176
     1
 90
        1
176
     1
 90
        1
176
     1
 40
1.0
176
     1
 90
        8
176
     1
 62
     7
176
     1
 40
1.0
176
     1
 90
        1
176
     1
 90
        6
176
     1
 90
        2
176
     1
 62
     7
176
     1
 90
        5
176
     1
 90
        0
176
     1
 90
        0
176
     1
290
     0
176
     1
 90
       13
176
     1
 40
0.0
176
     1
 90
        0
176
     1
290
     0
176
     1
290
     1
176
     1
290
     1
176
     1
290
     0
176
     1
290
     0
176
     1
290
     0
176
     1
290
     0
176
     1
290
     0
176
     1
290
     0
176
     1
 90
       50
176
     1
 40
0.0
176
     1
 40
1.0
176
     1
 90
        0
176
     1
 62
    18
420
        0
176
     1
 90
       50
176
     1
 90
        3
176
     1
 62
     5
420
      255
176
     1
290
     0
176
     1
 90
       50
176
     1
 90
       50
176
     1
 90
       50
176
     1
290
     0
176
     1
 90
       50
176
     1
 62
   256
176
     0
 40
1.0
176
     0
 90
        0
176
     1
  1
strokes_ogs.tif
176
     1
290
     0
176
     1
 40
1.0
176
     1
 40
1.0
176
     1
  0
VISUALSTYLE
  5
181
102
{ACAD_REACTORS
330
17F
102
}
330
17F
100
AcDbVisualStyle
  2
FlatWithEdges
 70
     1
177
     3
291
     1
 70
    58
 90
        2
176
     1
 90
        1
176
     1
 90
        1
176
     1
 90
        2
176
     1
 40
0.6
176
     1
 40
30.0
176
     1
 62
     7
420
 16777215
176
     1
 90
        1
176
     1
 90
        0
176
     1
 62
     7
176
     1
 62
   257
176
     1
 90
        1
176
     1
 90
        1
176
     1
 40
1.0
176
     1
 90
        0
176
     1
 62
   257
176
     1
 40
1.0
176
     1
 90
        1
176
     1
 90
        6
176
     1
 90
        2
176
     1
 62
     7
176
     1
 90
        5
176
     1
 90
        0
176
     1
 90
        0
176
     1
290
     0
176
     1
 90
       13
176
     1
 40
0.0
176
     1
 90
        0
176
     1
290
     0
176
     1
290
     1
176
     1
290
     1
176
     1
290
     0
176
     1
290
     0
176
     1
290
     0
176
     1
290
     0
176
     1
290
     0
176
     1
290
     0
176
     1
 90
       50
176
     1
 40
0.0
176
     1
 40
1.0
176
     1
 90
        0
176
     1
 62
    18
420
        0
176
     1
 90
       50
176
     1
 90
        3
176
     1
 62
     5
420
      255
176
     1
290
     0
176
     1
 90
       50
176
     1
 90
       50
176
     1
 90
       50
176
     1
290
     0
176
     1
 90
       50
176
     1
 62
   256
176
     0
 40
1.0
176
     0
 90
        0
176
     1
  1
strokes_ogs.tif
176
     1
290
     0
176
     1
 40
1.0
176
     1
 40
1.0
176
     1
  0
VISUALSTYLE
  5
182
102
{ACAD_REACTORS
330
17F
102
}
330
17F
100
AcDbVisualStyle
  2
Gouraud
 70
     2
177
     3
291
     1
 70
    58
 90
        2
176
     1
 90
        2
176
     1
 90
        1
176
     1
 90
        2
176
     1
 40
0.6
176
     1
 40
30.0
176
     1
 62
     7
420
 16777215
176
     1
 90
        0
176
     1
 90
        0
176
     1
 62
     7
176
     1
 62
   257
176
     1
 90
        1
176
     1
 90
        1
176
     1
 40
1.0
176
     1
 90
        0
176
     1
 62
     7
176
     1
 40
1.0
176
     1
 90
        1
176
     1
 90
        6
176
     1
 90
        2
176
     1
 62
     7
176
     1
 90
        5
176
     1
 90
        0
176
     1
 90
        0
176
     1
290
     0
176
     1
 90
       13
176
     1
 40
0.0
176
     1
 90
        0
176
     1
290
     0
176
     1
290
     1
176
     1
290
     1
176
     1
290
     0
176
     1
290
     0
176
     1
290
     0
176
     1
290
     0
176
     1
290
     0
176
     1
290
     0
176
     1
 90
       50
176
     1
 40
0.0
176
     1
 40
1.0
176
     1
 90
        0
176
     1
 62
    18
420
        0
176
     1
 90
       50
176
     1
 90
        3
176
     1
 62
     5
420
      255
176
     1
290
     0
176
     1
 90
       50
176
     1
 90
       50
176
     1
 90
       50
176
     1
290
     0
176
     1
 90
       50
176
     1
 62
   256
176
     0
 40
1.0
176
     0
 90
        0
176
     1
  1
strokes_ogs.tif
176
     1
290
     0
176
     1
 40
1.0
176
     1
 40
1.0
176
     1
  0
VISUALSTYLE
  5
183
102
{ACAD_REACTORS
330
17F
102
}
330
17F
100
AcDbVisualStyle
  2
GouraudWithEdges
 70
     3
177
     3
291
     1
 70
    58
 90
        2
176
     1
 90
        2
176
     1
 90
        1
176
     1
 90
        2
176
     1
 40
0.6
176
     1
 40
30.0
176
     1
 62
     7
420
 16777215
176
     1
 90
        1
176
     1
 90
        0
176
     1
 62
     7
176
     1
 62
   257
176
     1
 90
        1
176
     1
 90
        1
176
     1
 40
1.0
176
     1
 90
        0
176
     1
 62
   257
176
     1
 40
1.0
176
     1
 90
        1
176
     1
 90
        6
176
     1
 90
        2
176
     1
 62
     7
176
     1
 90
        5
176
     1
 90
        0
176
     1
 90
        0
176
     1
290
     0
176
     1
 90
       13
176
     1
 40
0.0
176
     1
 90
        0
176
     1
290
     0
176
     1
290
     1
176
     1
290
     1
176
     1
290
     0
176
     1
290
     0
176
     1
290
     0
176
     1
290
     0
176
     1
290
     0
176
     1
290
     0
176
     1
 90
       50
176
     1
 40
0.0
176
     1
 40
1.0
176
     1
 90
        0
176
     1
 62
    18
420
        0
176
     1
 90
       50
176
     1
 90
        3
176
     1
 62
     5
420
      255
176
     1
290
     0
176
     1
 90
       50
176
     1
 90
       50
176
     1
 90
       50
176
     1
290
     0
176
     1
 90
       50
176
     1
 62
   256
176
     0
 40
1.0
176
     0
 90
        0
176
     1
  1
strokes_ogs.tif
176
     1
290
     0
176
     1
 40
1.0
176
     1
 40
1.0
176
     1
  0
VISUALSTYLE
  5
187
102
{ACAD_REACTORS
330
17F
102
}
330
17F
100
AcDbVisualStyle
  2
Hidden
 70
     6
177
     3
291
     0
 70
    58
 90
        1
176
     1
 90
        2
176
     1
 90
        2
176
     1
 90
        0
176
     1
 40
0.6
176
     1
 40
30.0
176
     1
 62
     7
420
 16777215
176
     1
 90
        2
176
     1
 90
        2
176
     1
 62
     7
176
     1
 62
   257
176
     1
 90
        2
176
     1
 90
        1
176
     1
 40
40.0
176
     1
 90
        0
176
     1
 62
   257
176
     1
 40
1.0
176
     1
 90
        1
176
     1
 90
        6
176
     1
 90
        2
176
     1
 62
     7
176
     1
 90
        3
176
     1
 90
        0
176
     1
 90
        0
176
     1
290
     0
176
     1
 90
        1
176
     1
 40
0.0
176
     1
 90
        0
176
     1
290
     0
176
     1
290
     1
176
     1
290
     1
176
     1
290
     0
176
     1
290
     0
176
     1
290
     0
176
     1
290
     0
176
     1
290
     0
176
     1
290
     0
176
     1
 90
       50
176
     1
 40
0.0
176
     1
 40
1.0
176
     1
 90
        0
176
     1
 62
    18
420
        0
176
     1
 90
       50
176
     1
 90
        3
176
     1
 62
     5
420
      255
176
     1
290
     0
176
     1
 90
       50
176
     1
 90
       50
176
     1
 90
       50
176
     1
290
     0
176
     1
 90
       50
176
     1
 62
   256
176
     0
 40
1.0
176
     0
 90
        0
176
     1
  1
strokes_ogs.tif
176
     1
290
     0
176
     1
 40
1.0
176
     1
 40
1.0
176
     1
  0
VISUALSTYLE
  5
195
102
{ACAD_REACTORS
330
17F
102
}
330
17F
100
AcDbVisualStyle
  2
JitterOff
 70
    20
177
     3
291
     1
 70
    58
 90
        2
176
     0
 90
        2
176
     0
 90
        0
176
     0
 90
        0
176
     0
 40
0.6
176
     0
 40
30.0
176
     0
 62
     7
420
 16777215
176
     0
 90
        1
176
     0
 90
        4
176
     0
 62
     7
176
     0
 62
   257
176
     0
 90
        1
176
     0
 90
        1
176
     0
 40
1.0
176
     0
 90
       10
176
     2
 62
     7
176
     0
 40
1.0
176
     0
 90
        1
176
     0
 90
        6
176
     0
 90
        2
176
     0
 62
     7
176
     0
 90
        5
176
     0
 90
        0
176
     0
 90
        0
176
     0
290
     0
176
     0
 90
        1
176
     0
 40
0.0
176
     0
 90
        0
176
     0
290
     0
176
     1
290
     1
176
     1
290
     1
176
     1
290
     0
176
     1
290
     0
176
     1
290
     0
176
     1
290
     0
176
     1
290
     0
176
     1
290
     0
176
     1
 90
       50
176
     1
 40
0.0
176
     1
 40
1.0
176
     1
 90
        0
176
     1
 62
    18
420
        0
176
     1
 90
       50
176
     1
 90
        3
176
     1
 62
     5
420
      255
176
     1
290
     0
176
     1
 90
       50
176
     1
 90
       50
176
     1
 90
       50
176
     1
290
     0
176
     1
 90
       50
176
     1
 62
   256
176
     0
 40
1.0
176
     0
 90
        0
176
     1
  1
strokes_ogs.tif
176
     1
290
     0
176
     1
 40
1.0
176
     1
 40
1.0
176
     1
  0
VISUALSTYLE
  5
18D
102
{ACAD_REACTORS
330
17F
102
}
330
17F
100
AcDbVisualStyle
  2
Linepattern
 70
    14
177
     3
291
     1
 70
    58
 90
        2
176
     1
 90
        2
176
     1
 90
        0
176
     1
 90
        0
176
     1
 40
0.6
176
     1
 40
30.0
176
     1
 62
     7
420
 16777215
176
     1
 90
        1
176
     1
 90
        4
176
     1
 62
     7
176
     1
 62
   257
176
     1
 90
        7
176
     1
 90
        7
176
     1
 40
1.0
176
     1
 90
        8
176
     1
 62
     7
176
     1
 40
1.0
176
     1
 90
        1
176
     1
 90
        6
176
     1
 90
        2
176
     1
 62
     7
176
     1
 90
        5
176
     1
 90
        0
176
     1
 90
        0
176
     1
290
     0
176
     1
 90
        1
176
     1
 40
0.0
176
     1
 90
        0
176
     1
290
     0
176
     1
290
     1
176
     1
290
     1
176
     1
290
     0
176
     1
290
     0
176
     1
290
     0
176
     1
290
     0
176
     1
290
     0
176
     1
290
     0
176
     1
 90
       50
176
     1
 40
0.0
176
     1
 40
1.0
176
     1
 90
        0
176
     1
 62
    18
420
        0
176
     1
 90
       50
176
     1
 90
        3
176
     1
 62
     5
420
      255
176
     1
290
     0
176
     1
 90
       50
176
     1
 90
       50
176
     1
 90
       50
176
     1
290
     0
176
     1
 90
       50
176
     1
 62
   256
176
     0
 40
1.0
176
     0
 90
        0
176
     1
  1
strokes_ogs.tif
176
     1
290
     0
176
     1
 40
1.0
176
     1
 40
1.0
176
     1
  0
VISUALSTYLE
  5
196
102
{ACAD_REACTORS
330
17F
102
}
330
17F
100
AcDbVisualStyle
  2
OverhangOff
 70
    21
177
     3
291
     1
 70
    58
 90
        2
176
     0
 90
        2
176
     0
 90
        0
176
     0
 90
        0
176
     0
 40
0.6
176
     0
 40
30.0
176
     0
 62
     7
420
 16777215
176
     0
 90
        1
176
     0
 90
        4
176
     0
 62
     7
176
     0
 62
   257
176
     0
 90
        1
176
     0
 90
        1
176
     0
 40
1.0
176
     0
 90
        9
176
     2
 62
     7
176
     0
 40
1.0
176
     0
 90
        1
176
     0
 90
        6
176
     0
 90
        2
176
     0
 62
     7
176
     0
 90
        5
176
     0
 90
        0
176
     0
 90
        0
176
     0
290
     0
176
     0
 90
        1
176
     0
 40
0.0
176
     0
 90
        0
176
     0
290
     0
176
     1
290
     1
176
     1
290
     1
176
     1
290
     0
176
     1
290
     0
176
     1
290
     0
176
     1
290
     0
176
     1
290
     0
176
     1
290
     0
176
     1
 90
       50
176
     1
 40
0.0
176
     1
 40
1.0
176
     1
 90
        0
176
     1
 62
    18
420
        0
176
     1
 90
       50
176
     1
 90
        3
176
     1
 62
     5
420
      255
176
     1
290
     0
176
     1
 90
       50
176
     1
 90
       50
176
     1
 90
       50
176
     1
290
     0
176
     1
 90
       50
176
     1
 62
   256
176
     0
 40
1.0
176
     0
 90
        0
176
     1
  1
strokes_ogs.tif
176
     1
290
     0
176
     1
 40
1.0
176
     1
 40
1.0
176
     1
  0
VISUALSTYLE
  5
189
102
{ACAD_REACTORS
330
17F
102
}
330
17F
100
AcDbVisualStyle
  2
Realistic
 70
     8
177
     3
291
     0
 70
    58
 90
        2
176
     1
 90
        3
176
     1
 90
        0
176
     1
 90
        2
176
     1
 40
0.6
176
     1
 40
30.0
176
     1
 62
     7
420
 16777215
176
     1
 90
        0
176
     1
 90
        0
176
     1
 62
     7
176
     1
 62
   257
176
     1
 90
        1
176
     1
 90
        1
176
     1
 40
1.0
176
     1
 90
        8
176
     1
 62
   257
176
     1
 40
1.0
176
     1
 90
        1
176
     1
 90
        6
176
     1
 90
        2
176
     1
 62
     7
176
     1
 90
        3
176
     1
 90
        0
176
     1
 90
        0
176
     1
290
     0
176
     1
 90
       13
176
     1
 40
0.0
176
     1
 90
        0
176
     1
290
     0
176
     1
290
     1
176
     1
290
     1
176
     1
290
     0
176
     1
290
     0
176
     1
290
     0
176
     1
290
     0
176
     1
290
     0
176
     1
290
     0
176
     1
 90
       50
176
     1
 40
0.0
176
     1
 40
1.0
176
     1
 90
        0
176
     1
 62
    18
420
        0
176
     1
 90
       50
176
     1
 90
        3
176
     1
 62
     5
420
      255
176
     1
290
     0
176
     1
 90
       50
176
     1
 90
       50
176
     1
 90
       50
176
     1
290
     0
176
     1
 90
       50
176
     1
 62
   256
176
     0
 40
1.0
176
     0
 90
        0
176
     1
  1
strokes_ogs.tif
176
     1
290
     0
176
     1
 40
1.0
176
     1
 40
1.0
176
     1
  0
VISUALSTYLE
  5
194
102
{ACAD_REACTORS
330
17F
102
}
330
17F
100
AcDbVisualStyle
  2
Shaded
 70
    27
177
     3
291
     0
 70
    58
 90
        2
176
     1
 90
        2
176
     1
 90
        1
176
     1
 90
        2
176
     1
 40
0.6
176
     1
 40
30.0
176
     1
 62
     7
420
 16777215
176
     1
 90
        0
176
     1
 90
        4
176
     1
 62
     7
176
     1
 62
   257
176
     1
 90
        1
176
     1
 90
        1
176
     1
 40
1.0
176
     1
 90
        8
176
     1
 62
   257
176
     1
 40
1.0
176
     1
 90
        1
176
     1
 90
        6
176
     1
 90
        2
176
     1
 62
     8
420
  7895160
176
     1
 90
        3
176
     1
 90
        0
176
     1
 90
        0
176
     1
290
     0
176
     1
 90
        5
176
     1
 40
0.0
176
     1
 90
        0
176
     1
290
     0
176
     1
290
     1
176
     1
290
     1
176
     1
290
     0
176
     1
290
     0
176
     1
290
     0
176
     1
290
     0
176
     1
290
     0
176
     1
290
     0
176
     1
 90
       50
176
     1
 40
0.0
176
     1
 40
1.0
176
     1
 90
        0
176
     1
 62
    18
420
        0
176
     1
 90
       50
176
     1
 90
        3
176
     1
 62
     5
420
      255
176
     1
290
     0
176
     1
 90
       50
176
     1
 90
       50
176
     1
 90
       50
176
     1
290
     0
176
     1
 90
       50
176
     1
 62
   256
176
     0
 40
1.0
176
     0
 90
        0
176
     1
  1
strokes_ogs.tif
176
     1
290
     0
176
     1
 40
1.0
176
     1
 40
1.0
176
     1
  0
VISUALSTYLE
  5
193
102
{ACAD_REACTORS
330
17F
102
}
330
17F
100
AcDbVisualStyle
  2
Shaded with edges
 70
    26
177
     3
291
     0
 70
    58
 90
        2
176
     1
 90
        2
176
     1
 90
        1
176
     1
 90
        2
176
     1
 40
0.6
176
     1
 40
30.0
176
     1
 62
     7
420
 16777215
176
     1
 90
        1
176
     1
 90
       10
176
     1
 62
     7
176
     1
 62
   257
176
     1
 90
        2
176
     1
 90
        1
176
     1
 40
1.0
176
     1
 90
        8
176
     1
 62
   257
176
     1
 40
1.0
176
     1
 90
        1
176
     1
 90
        6
176
     1
 90
        2
176
     1
 62
     7
176
     1
 90
        3
176
     1
 90
        0
176
     1
 90
        0
176
     1
290
     0
176
     1
 90
        5
176
     1
 40
0.0
176
     1
 90
        0
176
     1
290
     0
176
     1
290
     1
176
     1
290
     1
176
     1
290
     0
176
     1
290
     0
176
     1
290
     0
176
     1
290
     0
176
     1
290
     0
176
     1
290
     0
176
     1
 90
       50
176
     1
 40
0.0
176
     1
 40
1.0
176
     1
 90
        0
176
     1
 62
    18
420
        0
176
     1
 90
       50
176
     1
 90
        3
176
     1
 62
     5
420
      255
176
     1
290
     0
176
     1
 90
       50
176
     1
 90
       50
176
     1
 90
       50
176
     1
290
     0
176
     1
 90
       50
176
     1
 62
   256
176
     0
 40
1.0
176
     0
 90
        0
176
     1
  1
strokes_ogs.tif
176
     1
290
     0
176
     1
 40
1.0
176
     1
 40
1.0
176
     1
  0
VISUALSTYLE
  5
190
102
{ACAD_REACTORS
330
17F
102
}
330
17F
100
AcDbVisualStyle
  2
Shades of Gray
 70
    23
177
     3
291
     0
 70
    58
 90
        2
176
     1
 90
        2
176
     1
 90
        3
176
     1
 90
        0
176
     1
 40
0.6
176
     1
 40
30.0
176
     1
 62
     7
420
 16777215
176
     1
 90
        2
176
     1
 90
        2
176
     1
 62
     7
176
     1
 62
     7
176
     1
 90
        1
176
     1
 90
        1
176
     1
 40
40.0
176
     1
 90
        8
176
     1
 62
     7
176
     1
 40
1.0
176
     1
 90
        1
176
     1
 90
        6
176
     1
 90
        2
176
     1
 62
     7
176
     1
 90
        3
176
     1
 90
        0
176
     1
 90
        0
176
     1
290
     0
176
     1
 90
        1
176
     1
 40
0.0
176
     1
 90
        0
176
     1
290
     0
176
     1
290
     1
176
     1
290
     1
176
     1
290
     0
176
     1
290
     0
176
     1
290
     0
176
     1
290
     0
176
     1
290
     0
176
     1
290
     0
176
     1
 90
       50
176
     1
 40
0.0
176
     1
 40
1.0
176
     1
 90
        0
176
     1
 62
    18
420
        0
176
     1
 90
       50
176
     1
 90
        3
176
     1
 62
     5
420
      255
176
     1
290
     0
176
     1
 90
       50
176
     1
 90
       50
176
     1
 90
       50
176
     1
290
     0
176
     1
 90
       50
176
     1
 62
   256
176
     0
 40
1.0
176
     0
 90
        0
176
     1
  1
strokes_ogs.tif
176
     1
290
     0
176
     1
 40
1.0
176
     1
 40
1.0
176
     1
  0
VISUALSTYLE
  5
191
102
{ACAD_REACTORS
330
17F
102
}
330
17F
100
AcDbVisualStyle
  2
Sketchy
 70
    24
177
     3
291
     0
 70
    58
 90
        1
176
     1
 90
        2
176
     1
 90
        2
176
     1
 90
        0
176
     1
 40
0.6
176
     1
 40
30.0
176
     1
 62
     7
420
 16777215
176
     1
 90
        2
176
     1
 90
        2
176
     1
 62
     7
176
     1
 62
     7
176
     1
 90
        1
176
     1
 90
        1
176
     1
 40
40.0
176
     1
 90
       11
176
     1
 62
     7
176
     1
 40
1.0
176
     1
 90
        1
176
     1
 90
        6
176
     1
 90
        2
176
     1
 62
     7
176
     1
 90
        6
176
     1
 90
        0
176
     1
 90
        0
176
     1
290
     0
176
     1
 90
        1
176
     1
 40
0.0
176
     1
 90
        0
176
     1
290
     0
176
     1
290
     1
176
     1
290
     1
176
     1
290
     0
176
     1
290
     0
176
     1
290
     0
176
     1
290
     0
176
     1
290
     0
176
     1
290
     0
176
     1
 90
       50
176
     1
 40
0.0
176
     1
 40
1.0
176
     1
 90
        0
176
     1
 62
    18
420
        0
176
     1
 90
       50
176
     1
 90
        3
176
     1
 62
     5
420
      255
176
     1
290
     0
176
     1
 90
       50
176
     1
 90
       50
176
     1
 90
       50
176
     1
290
     0
176
     1
 90
       50
176
     1
 62
   256
176
     0
 40
1.0
176
     0
 90
        0
176
     1
  1
strokes_ogs.tif
176
     1
290
     0
176
     1
 40
1.0
176
     1
 40
1.0
176
     1
  0
VISUALSTYLE
  5
18C
102
{ACAD_REACTORS
330
17F
102
}
330
17F
100
AcDbVisualStyle
  2
Thicken
 70
    13
177
     3
291
     1
 70
    58
 90
        2
176
     1
 90
        2
176
     1
 90
        0
176
     1
 90
        0
176
     1
 40
0.6
176
     1
 40
30.0
176
     1
 62
     7
420
 16777215
176
     1
 90
        1
176
     1
 90
        4
176
     1
 62
     7
176
     1
 62
   257
176
     1
 90
        1
176
     1
 90
        1
176
     1
 40
1.0
176
     1
 90
       12
176
     1
 62
     7
176
     1
 40
1.0
176
     1
 90
        1
176
     1
 90
        6
176
     1
 90
        2
176
     1
 62
     7
176
     1
 90
        5
176
     1
 90
        0
176
     1
 90
        0
176
     1
290
     0
176
     1
 90
        1
176
     1
 40
0.0
176
     1
 90
        0
176
     1
290
     0
176
     1
290
     1
176
     1
290
     1
176
     1
290
     0
176
     1
290
     0
176
     1
290
     0
176
     1
290
     0
176
     1
290
     0
176
     1
290
     0
176
     1
 90
       50
176
     1
 40
0.0
176
     1
 40
1.0
176
     1
 90
        0
176
     1
 62
    18
420
        0
176
     1
 90
       50
176
     1
 90
        3
176
     1
 62
     5
420
      255
176
     1
290
     0
176
     1
 90
       50
176
     1
 90
       50
176
     1
 90
       50
176
     1
290
     0
176
     1
 90
       50
176
     1
 62
   256
176
     0
 40
1.0
176
     0
 90
        0
176
     1
  1
strokes_ogs.tif
176
     1
290
     0
176
     1
 40
1.0
176
     1
 40
1.0
176
     1
  0
VISUALSTYLE
  5
186
102
{ACAD_REACTORS
330
17F
102
}
330
17F
100
AcDbVisualStyle
  2
Wireframe
 70
     5
177
     3
291
     0
 70
    58
 90
        0
176
     1
 90
        2
176
     1
 90
        0
176
     1
 90
        0
176
     1
 40
0.6
176
     1
 40
30.0
176
     1
 62
     7
420
 16777215
176
     1
 90
        1
176
     1
 90
        4
176
     1
 62
     7
176
     1
 62
   257
176
     1
 90
        1
176
     1
 90
        1
176
     1
 40
1.0
176
     1
 90
        0
176
     1
 62
   257
176
     1
 40
1.0
176
     1
 90
        1
176
     1
 90
        6
176
     1
 90
        2
176
     1
 62
     7
176
     1
 90
        3
176
     1
 90
        0
176
     1
 90
        0
176
     1
290
     0
176
     1
 90
        1
176
     1
 40
0.0
176
     1
 90
        0
176
     1
290
     0
176
     1
290
     1
176
     1
290
     1
176
     1
290
     0
176
     1
290
     0
176
     1
290
     0
176
     1
290
     0
176
     1
290
     0
176
     1
290
     0
176
     1
 90
       50
176
     1
 40
0.0
176
     1
 40
1.0
176
     1
 90
        0
176
     1
 62
    18
420
        0
176
     1
 90
       50
176
     1
 90
        3
176
     1
 62
     5
420
      255
176
     1
290
     0
176
     1
 90
       50
176
     1
 90
       50
176
     1
 90
       50
176
     1
290
     0
176
     1
 90
       50
176
     1
 62
   256
176
     0
 40
1.0
176
     0
 90
        0
176
     1
  1
strokes_ogs.tif
176
     1
290
     0
176
     1
 40
1.0
176
     1
 40
1.0
176
     1
  0
VISUALSTYLE
  5
192
102
{ACAD_REACTORS
330
17F
102
}
330
17F
100
AcDbVisualStyle
  2
X-Ray
 70
    25
177
     3
291
     0
 70
    58
 90
        2
176
     1
 90
        2
176
     1
 90
        1
176
     1
 90
        1
176
     1
 40
0.5
176
     1
 40
30.0
176
     1
 62
     7
420
 16777215
176
     1
 90
        1
176
     1
 90
        0
176
     1
 62
     7
176
     1
 62
   257
176
     1
 90
        1
176
     1
 90
        1
176
     1
 40
1.0
176
     1
 90
        8
176
     1
 62
     7
176
     1
 40
1.0
176
     1
 90
        1
176
     1
 90
        6
176
     1
 90
        2
176
     1
 62
     7
176
     1
 90
        3
176
     1
 90
        0
176
     1
 90
        0
176
     1
290
     0
176
     1
 90
       13
176
     1
 40
0.0
176
     1
 90
        0
176
     1
290
     0
176
     1
290
     1
176
     1
290
     1
176
     1
290
     0
176
     1
290
     0
176
     1
290
     0
176
     1
290
     0
176
     1
290
     0
176
     1
290
     0
176
     1
 90
       50
176
     1
 40
0.0
176
     1
 40
1.0
176
     1
 90
        0
176
     1
 62
    18
420
        0
176
     1
 90
       50
176
     1
 90
        3
176
     1
 62
     5
420
      255
176
     1
290
     0
176
     1
 90
       50
176
     1
 90
       50
176
     1
 90
       50
176
     1
290
     0
176
     1
 90
       50
176
     1
 62
   256
176
     0
 40
1.0
176
     0
 90
        0
176
     1
  1
strokes_ogs.tif
176
     1
290
     0
176
     1
 40
1.0
176
     1
 40
1.0
176
     1
  0
DICTIONARYVAR
  5
DD
102
{ACAD_REACTORS
330
59
102
}
330
59
100
DictionaryVariables
280
     0
  1
1:1
  0
DICTIONARYVAR
  5
E9
102
{ACAD_REACTORS
330
59
102
}
330
59
100
DictionaryVariables
280
     0
  1
STANDARD
  0
DICTIONARYVAR
  5
98
102
{ACAD_REACTORS
330
59
102
}
330
59
100
DictionaryVariables
280
     0
  1
STANDARD
  0
DICTIONARYVAR
  5
209
102
{ACAD_REACTORS
330
59
102
}
330
59
100
DictionaryVariables
280
     0
  1
Metric50
  0
DICTIONARYVAR
  5
20A
102
{ACAD_REACTORS
330
59
102
}
330
59
100
DictionaryVariables
280
     0
  1
Metric50
  0
DICTIONARYVAR
  5
24D
102
{ACAD_REACTORS
330
59
102
}
330
59
100
DictionaryVariables
280
     0
  1
1
  0
DICTIONARYVAR
  5
43
102
{ACAD_REACTORS
330
59
102
}
330
59
100
DictionaryVariables
280
     0
  1
2
  0
DICTIONARYVAR
  5
24C
102
{ACAD_REACTORS
330
59
102
}
330
59
100
DictionaryVariables
280
     0
  1
1
  0
DICTIONARYVAR
  5
5E
102
{ACAD_REACTORS
330
59
102
}
330
59
100
DictionaryVariables
280
     0
  1
1
  0
DICTIONARYVAR
  5
B6
102
{ACAD_REACTORS
330
59
102
}
330
59
100
DictionaryVariables
280
     0
  1

  0
DICTIONARYVAR
  5
E2
102
{ACAD_REACTORS
330
59
102
}
330
59
100
DictionaryVariables
280
     0
  1
2
  0
XRECORD
  5
25D
102
{ACAD_REACTORS
330
25C
102
}
330
25C
100
AcDbXrecord
280
     1
 70
    -1
 70
     0
 70
    -1
 90
  2461020
 90
 11904367
102
26.00_2025.12.10(#20607-2bb0460d766)_x64_T
 90
        1
 90
        1
102
ZWCAD
 90
  2461020
 90
 11904367
102
25E
102
dwt
102
26.00_2025.12.10(#20607-2bb0460d766)_x64_T
 90
        1
102
Onlinehilfe.dll
  0
DICTIONARY
  5
249
330
93
100
AcDbDictionary
280
     1
281
     1
  3
ACAD_ROUNDTRIP_2008_TABLESTYLE_CELLSTYLEMAP
360
2F0
  0
CELLSTYLEMAP
  5
2F0
102
{ACAD_REACTORS
330
249
102
}
330
249
100
AcDbCellStyleMap
 90
        3
300
CELLSTYLE
  1
TABLEFORMAT_BEGIN
 90
        5
170
     1
 91
        0
 92
    32768
 62
   257
 93
        1
300
CONTENTFORMAT
  1
CONTENTFORMAT_BEGIN
 90
        0
 91
        0
 92
      512
 93
        0
300

 40
0.0
140
1.0
 94
        5
 62
     0
340
11
144
6.0
309
CONTENTFORMAT_END
171
     1
301
MARGIN
  1
CELLMARGIN_BEGIN
 40
1.5
 40
1.5
 40
0.06
 40
0.06
 40
0.18
 40
0.18
309
CELLMARGIN_END
 94
        6
 95
        1
302
GRIDFORMAT
  1
GRIDFORMAT_BEGIN
 90
        0
 91
        1
 62
     0
 92
       -2
340
0
 93
        0
 40
0.045
309
GRIDFORMAT_END
 95
        2
302
GRIDFORMAT
  1
GRIDFORMAT_BEGIN
 90
        0
 91
        1
 62
     0
 92
       -2
340
0
 93
        0
 40
0.045
309
GRIDFORMAT_END
 95
        4
302
GRIDFORMAT
  1
GRIDFORMAT_BEGIN
 90
        0
 91
        1
 62
     0
 92
       -2
340
0
 93
        0
 40
0.045
309
GRIDFORMAT_END
 95
        8
302
GRIDFORMAT
  1
GRIDFORMAT_BEGIN
 90
        0
 91
        1
 62
     0
 92
       -2
340
0
 93
        0
 40
0.045
309
GRIDFORMAT_END
 95
       16
302
GRIDFORMAT
  1
GRIDFORMAT_BEGIN
 90
        0
 91
        1
 62
     0
 92
       -2
340
0
 93
        0
 40
0.045
309
GRIDFORMAT_END
 95
       32
302
GRIDFORMAT
  1
GRIDFORMAT_BEGIN
 90
        0
 91
        1
 62
     0
 92
       -2
340
0
 93
        0
 40
0.045
309
GRIDFORMAT_END
309
TABLEFORMAT_END
  1
CELLSTYLE_BEGIN
 90
        1
 91
        1
300
_TITLE
309
CELLSTYLE_END
300
CELLSTYLE
  1
TABLEFORMAT_BEGIN
 90
        5
170
     1
 91
        0
 92
        0
 62
   257
 93
        1
300
CONTENTFORMAT
  1
CONTENTFORMAT_BEGIN
 90
        0
 91
        0
 92
      512
 93
        0
300

 40
0.0
140
1.0
 94
        5
 62
     0
340
11
144
4.5
309
CONTENTFORMAT_END
171
     1
301
MARGIN
  1
CELLMARGIN_BEGIN
 40
1.5
 40
1.5
 40
0.06
 40
0.06
 40
0.18
 40
0.18
309
CELLMARGIN_END
 94
        6
 95
        1
302
GRIDFORMAT
  1
GRIDFORMAT_BEGIN
 90
        0
 91
        1
 62
     0
 92
       -2
340
0
 93
        0
 40
0.045
309
GRIDFORMAT_END
 95
        2
302
GRIDFORMAT
  1
GRIDFORMAT_BEGIN
 90
        0
 91
        1
 62
     0
 92
       -2
340
0
 93
        0
 40
0.045
309
GRIDFORMAT_END
 95
        4
302
GRIDFORMAT
  1
GRIDFORMAT_BEGIN
 90
        0
 91
        1
 62
     0
 92
       -2
340
0
 93
        0
 40
0.045
309
GRIDFORMAT_END
 95
        8
302
GRIDFORMAT
  1
GRIDFORMAT_BEGIN
 90
        0
 91
        1
 62
     0
 92
       -2
340
0
 93
        0
 40
0.045
309
GRIDFORMAT_END
 95
       16
302
GRIDFORMAT
  1
GRIDFORMAT_BEGIN
 90
        0
 91
        1
 62
     0
 92
       -2
340
0
 93
        0
 40
0.045
309
GRIDFORMAT_END
 95
       32
302
GRIDFORMAT
  1
GRIDFORMAT_BEGIN
 90
        0
 91
        1
 62
     0
 92
       -2
340
0
 93
        0
 40
0.045
309
GRIDFORMAT_END
309
TABLEFORMAT_END
  1
CELLSTYLE_BEGIN
 90
        2
 91
        1
300
_HEADER
309
CELLSTYLE_END
300
CELLSTYLE
  1
TABLEFORMAT_BEGIN
 90
        5
170
     1
 91
        0
 92
        0
 62
   257
 93
        1
300
CONTENTFORMAT
  1
CONTENTFORMAT_BEGIN
 90
        0
 91
        0
 92
      512
 93
        0
300

 40
0.0
140
1.0
 94
        2
 62
     0
340
11
144
4.5
309
CONTENTFORMAT_END
171
     1
301
MARGIN
  1
CELLMARGIN_BEGIN
 40
1.5
 40
1.5
 40
0.06
 40
0.06
 40
0.18
 40
0.18
309
CELLMARGIN_END
 94
        6
 95
        1
302
GRIDFORMAT
  1
GRIDFORMAT_BEGIN
 90
        0
 91
        1
 62
     0
 92
       -2
340
0
 93
        0
 40
0.045
309
GRIDFORMAT_END
 95
        2
302
GRIDFORMAT
  1
GRIDFORMAT_BEGIN
 90
        0
 91
        1
 62
     0
 92
       -2
340
0
 93
        0
 40
0.045
309
GRIDFORMAT_END
 95
        4
302
GRIDFORMAT
  1
GRIDFORMAT_BEGIN
 90
        0
 91
        1
 62
     0
 92
       -2
340
0
 93
        0
 40
0.045
309
GRIDFORMAT_END
 95
        8
302
GRIDFORMAT
  1
GRIDFORMAT_BEGIN
 90
        0
 91
        1
 62
     0
 92
       -2
340
0
 93
        0
 40
0.045
309
GRIDFORMAT_END
 95
       16
302
GRIDFORMAT
  1
GRIDFORMAT_BEGIN
 90
        0
 91
        1
 62
     0
 92
       -2
340
0
 93
        0
 40
0.045
309
GRIDFORMAT_END
 95
       32
302
GRIDFORMAT
  1
GRIDFORMAT_BEGIN
 90
        0
 91
        1
 62
     0
 92
       -2
340
0
 93
        0
 40
0.045
309
GRIDFORMAT_END
309
TABLEFORMAT_END
  1
CELLSTYLE_BEGIN
 90
        3
 91
        2
300
_DATA
309
CELLSTYLE_END
  0
ENDSEC
  0
SECTION
  2
ACDSDATA
 70
     2
 71
     2
  0
ACDSSCHEMA
 90
        0
  1
AcDb_Thumbnail_Schema
  2
AcDbDs::ID
280
    10
 91
        0
  2
Thumbnail_Data
280
    15
 91
        0
101
ACDSRECORD
 95
        0
 90
        2
  2
AcDbDs::TreatedAsObjectData
280
     1
291
     1
101
ACDSRECORD
 95
        0
 90
        3
  2
AcDbDs::Legacy
280
     1
291
     1
101
ACDSRECORD
  1
AcDbDs::ID
 90
        4
  2
AcDs:Indexable
280
     1
291
     1
101
ACDSRECORD
  1
AcDbDs::ID
 90
        5
  2
AcDbDs::HandleAttribute
280
     7
282
     1
  0
ACDSSCHEMA
 90
        1
  1
AcDb3DSolid_ASM_Data
  2
AcDbDs::ID
280
    10
 91
        0
  2
ASM_Data
280
    15
 91
        0
101
ACDSRECORD
 95
        1
 90
        2
  2
AcDbDs::TreatedAsObjectData
280
     1
291
     1
101
ACDSRECORD
 95
        1
 90
        3
  2
AcDbDs::Legacy
280
     1
291
     1
101
ACDSRECORD
  1
AcDbDs::ID
 90
        4
  2
AcDs:Indexable
280
     1
291
     1
101
ACDSRECORD
  1
AcDbDs::ID
 90
        5
  2
AcDbDs::HandleAttribute
280
     7
282
     1
  0
ACDSSCHEMA
 90
        2
  1
AcDbDs::TreatedAsObjectDataSchema
  2
AcDbDs::TreatedAsObjectData
280
     1
 91
        0
  0
ACDSSCHEMA
 90
        3
  1
AcDbDs::LegacySchema
  2
AcDbDs::Legacy
280
     1
 91
        0
  0
ACDSSCHEMA
 90
        4
  1
AcDbDs::IndexedPropertySchema
  2
AcDs:Indexable
280
     1
 91
        0
  0
ACDSSCHEMA
 90
        5
  1
AcDbDs::HandleAttributeSchema
  2
AcDbDs::HandleAttribute
280
     7
 91
        8
  0
ENDSEC
  0
EOF
